date_time;Rack Inlet Temperature (C);Rack Inlets (Top) (C);Rack Outlet Temperature (C);ACU Supply Temperature (C);ACU Return Temperature (C);ACU Return Humidity (%);Room Temperature (C);Room PUE;Room DCiE (%);Total Room Power (kW);Room IT Power (kW);Room IT Power (AC) (kW);Room IT Power (DC) (kW);Room Infrastructure Power (kW);Room Cooling Power (kW);Room Non-Cooling Infrastructure (kW);Room COP;Room Cooling Load (kWc);Room Free Cooling (kWc);Room Mech Cooling (kWc);Est Room Heatload (kWc)
01/03/2014 00:00;25,8;25,8;27,4;16;23,6;27,3;23,4;1,28;78,1;127,8;99,7;59,9;39,8;28;28;0;4,17;189,2;112,2;77;115,7
01/03/2014 01:00;26;26;27,6;16,3;23,6;27,3;23,6;1,28;78,1;127,8;99,7;59,9;39,8;28,1;28,1;0;4,17;182,2;105,1;77,1;115,7
01/03/2014 02:00;26,2;26,2;27,6;16,3;23,6;27;23,8;1,29;78;128;99,7;59,9;39,8;28,2;28,2;0;4,16;183,7;105,9;77,8;115,7
01/03/2014 03:00;26,2;26,2;27,7;16,2;23,7;27,2;23,8;1,29;77,5;128,8;99,7;59,9;39,8;29;29;0;4,05;185,9;107,2;78,7;115,7
01/03/2014 04:00;26,3;26,3;27,7;16,2;23,7;27,3;23,9;1,31;76,8;130,1;99,8;60;39,8;29,6;28,7;0,8;4,1;184,8;105,9;78,9;115,8
01/03/2014 05:00;26,3;26,3;27,7;16,2;23,7;27,4;23,9;1,27;79;126,3;99,8;60;39,8;26,5;27,1;-0,7;4,29;186,7;107,5;79,2;115,8
01/03/2014 06:00;26,3;26,3;27,7;16,2;23,7;27,6;23,9;1,3;77,2;129,4;99,8;59,9;39,8;29,6;29,6;0;3,99;187,3;107,9;79,4;115,8
01/03/2014 07:00;26,3;26,3;27,7;16,2;23,7;27,6;24;1,29;77,3;129,3;99,8;60;39,8;29,4;29,4;0;4,01;188,5;109,1;79,4;115,8
01/03/2014 08:00;26,3;26,3;27,7;16,2;23,7;27,6;24;1,3;77,3;129,3;99,8;59,9;39,8;29,6;29,5;0;4;187,3;108,6;78,7;115,8
01/03/2014 09:00;26,4;26,4;27,7;16,2;23,8;28,1;24;1,3;77,2;129,4;99,8;59,9;39,8;29,6;29,6;0;3,99;187,9;110,2;77,7;115,8
01/03/2014 10:00;26,4;26,4;27,8;16,2;23,8;28,4;24;1,3;76,8;130,1;99,8;60;39,8;30,3;30,4;-0,1;3,89;188,6;111,1;77,5;115,8
01/03/2014 11:00;26,5;26,5;27,9;16,3;23,9;28;24,1;1,31;76,6;130,4;99,8;59,9;39,8;30,6;30,6;0;3,88;189,2;112,4;76,8;115,8
01/03/2014 12:00;26,5;26,5;28;16,3;24;27,1;24,2;1,3;77,1;129,7;99,8;60;39,9;30,6;30,5;0,1;3,88;190,8;114;76,8;115,8
01/03/2014 13:00;26,6;26,6;28;16,2;24,1;26,6;24,2;1,28;78,4;127,3;99,8;60;39,8;27,5;27,6;0;4,23;194,5;117,8;76,7;115,8
01/03/2014 14:00;26,4;26,4;27,9;16;24,1;25,7;24;1,29;77,4;129;99,8;59,9;39,8;29,2;29,3;-0,1;4,02;202,1;127,4;74,7;115,8
01/03/2014 15:00;26,3;26,3;27,8;15,9;24,2;25;23,9;1,32;76,1;131,3;99,8;60;39,8;31,5;30,7;0,8;3,86;206,4;132;74,4;115,8
01/03/2014 16:00;26,3;26,3;27,8;15,9;24,3;24,2;23,9;1,28;78,5;127,2;99,8;59,9;39,8;27,4;27,4;0;4,25;207,7;132,2;75,5;115,8
01/03/2014 17:00;26,3;26,3;27,7;15,8;23,9;24,7;23,8;1,27;78,9;126,5;99,8;60;39,8;27,5;27,5;0;4,24;203,1;126,9;76,2;115,8
01/03/2014 18:00;26;26;27,6;15,8;23,8;24;23,6;1,29;77,5;128,8;99,7;59,9;39,8;29,1;29,1;0;4,04;198,4;121,3;77,1;115,7
01/03/2014 19:00;25,9;25,9;27,4;15,8;23,7;24,1;23,5;1,28;78;127,8;99,7;59,9;39,8;28,2;28,2;0;4,15;196,3;118;78,3;115,7
01/03/2014 20:00;25,8;25,8;27,4;16;23,6;23,9;23,5;1,28;78;127,9;99,7;59,9;39,8;28,1;28,1;0;4,17;189,6;111,2;78,4;115,7
01/03/2014 21:00;26;26;27,4;16;23,6;23,4;23,6;1,27;78,6;126,9;99,7;59,9;39,8;27,2;27,2;0;4,3;189,3;108,3;81;115,7
01/03/2014 22:00;26;26;27,5;16,2;23,5;23;23,7;1,29;77,7;128,4;99,7;59,9;39,8;28,7;28,7;0;4,11;182,6;101,5;81,1;115,7
01/03/2014 23:00;26,2;26,2;27,6;16,3;23,6;22,9;23,8;1,28;77,9;128,1;99,7;59,9;39,8;28,4;28,4;0;4,13;181,6;99,5;82,1;115,7
02/03/2014 00:00;26,3;26,3;27,7;16,2;23,6;23,2;23,9;1,29;77,4;128,9;99,8;59,9;39,8;29,2;29,2;0;4,04;184,2;101,4;82,8;115,8
02/03/2014 01:00;26,3;26,3;27,7;16,3;23,6;23,2;23,9;1,28;78,1;127,8;99,8;60;39,8;28;27,2;0,8;4,29;184;101,3;82,7;115,8
02/03/2014 02:00;26,3;26,3;27,7;16,3;23,6;22,5;23,9;1,28;78,3;128,2;99,7;59,9;39,8;28,5;28,4;0;4,13;182,3;100,1;82,2;115,7
02/03/2014 03:00;26,2;26,2;27,7;16,2;23,5;22;23,9;1,27;78,7;126,9;99,8;60;39,8;27,1;27,1;0;4,31;183,7;99,1;84,6;115,8
02/03/2014 04:00;26,3;26,3;27,7;16,2;23,5;22,4;23,9;1,29;77,9;128,1;99,8;59,9;39,8;28,4;28,4;0;4,15;183,3;98,9;84,4;115,8
02/03/2014 05:00;26,3;26,3;27,7;16,3;23,6;23,5;23,9;1,28;77,9;128,2;99,8;60;39,8;28,4;28,4;0;4,14;183,7;100,4;83,3;115,8
02/03/2014 06:00;26,3;26,3;27,7;16,3;23,7;25,1;23,9;1,28;77,9;128,2;99,8;59,9;39,8;28,4;28,4;0;4,14;182,9;101,2;81,7;115,8
02/03/2014 07:00;26,4;26,4;27,8;16,4;23,8;26,4;24;1,29;77,8;128,4;99,8;59,9;39,8;29,4;29,4;0;4,03;184,3;102,5;81,8;115,8
02/03/2014 08:00;26,4;26,4;27,8;16,4;23,9;27,3;24,1;1,29;77,8;128,4;99,8;60;39,8;28,6;28,6;0;4,12;184,7;106;78,7;115,8
02/03/2014 09:00;26,4;26,4;27,9;16,1;24,1;28,7;24;1,27;78,6;127;99,8;59,9;39,8;27,2;28,1;-0,8;4,19;199,3;123,4;75,9;115,8
02/03/2014 10:00;26,4;26,4;27,8;16;23,2;31,4;23,7;1,28;78,5;127,1;99,7;59,9;39,8;27,4;28,1;-0,7;4,17;180;109,9;70,1;115,7
02/03/2014 11:00;26,3;26,3;27,8;16,2;22,8;32,4;23,4;1,32;76,2;131,1;99,7;59,9;39,8;31,4;31,4;0;3,77;165,5;97;68,5;115,7
02/03/2014 12:00;26,2;26,2;27,8;16,2;22,8;32,7;23,3;1,3;77,3;129,1;99,7;59,9;39,8;29,5;29,5;0;4;164,5;97,8;66,7;115,7
02/03/2014 13:00;26,2;26,2;27,8;16,3;22,8;31,5;23,2;1,3;77,3;129,1;99,7;59,9;39,8;29,4;29,4;0;4,01;163;100,2;62,8;115,7
02/03/2014 14:00;26,1;26,1;27,7;16,2;22,9;30,6;23,1;1,3;77;129,7;99,7;59,9;39,8;30;30;0;3,95;165,7;106,4;59,3;115,7
02/03/2014 15:00;26,1;26,1;27,6;16,2;23,2;29,9;23,3;1,31;76,2;131,1;99,7;59,9;39,8;31,4;31,4;0;3,78;175,3;119,7;55,6;115,7
02/03/2014 16:00;26,2;26,2;27,7;16,3;23,9;28,2;23,6;1,3;77,1;129,4;99,7;59,9;39,8;29,7;29,7;0;3,98;188,8;131,9;56,9;115,7
02/03/2014 17:00;26,3;26,3;27,8;16,3;24,1;26,8;23,7;1,32;76,1;131,1;99,7;59,9;39,8;31,4;31,4;0;3,76;194,4;138,7;55,7;115,7
02/03/2014 18:00;26,3;26,3;27,8;16,3;24,2;26,6;23,8;1,31;76,7;130,3;99,7;59,9;39,8;30,6;30,6;0;3,89;195,4;137,5;57,9;115,7
02/03/2014 19:00;26,3;26,3;27,8;16,3;24,2;26,7;23,8;1,32;75,7;131,9;99,7;59,9;39,8;32,2;32,2;0;3,68;195,3;140,6;54,7;115,7
02/03/2014 20:00;26,3;26,3;27,8;16,4;24,1;26,6;23,8;1,32;76,1;131,1;99,7;59,9;39,8;31,4;31,4;0;3,78;193,4;140,4;53;115,7
02/03/2014 21:00;26,3;26,3;27,8;16,3;24,1;27,4;23,8;1,32;75,8;131,7;99,7;59,9;39,8;32;32;0;3,7;193,5;140,9;52,6;115,7
02/03/2014 22:00;26,3;26,3;27,7;16,2;23,8;29,5;23,9;1,31;76,2;131;99,7;59,9;39,8;31,4;31,4;0;3,79;190;135,4;54,6;115,7
02/03/2014 23:00;26,2;26,2;27,7;16,2;23,7;29,6;23,7;1,3;77,3;129,2;99,7;59,9;39,8;29,5;29,5;0;4,02;187,7;133,4;54,3;115,7
03/03/2014 00:00;26;26;27,5;16,2;23,6;29,5;23,6;1,3;76,9;129,8;99,7;59,9;39,8;30,1;30,1;0;3,93;184,7;130;54,7;115,7
03/03/2014 01:00;26;26;27,6;16,2;23,7;30,3;23,5;1,3;77,3;129;99,7;59,9;39,8;29,3;29,3;0;4,03;184,7;131,3;53,4;115,7
03/03/2014 02:00;26;26;27,5;16,3;23,6;31;23,5;1,32;75,9;131,5;99,7;59,9;39,8;31,9;31,9;0;3,71;183,7;130,7;53;115,7
03/03/2014 03:00;26;26;27,5;16,3;23,6;31,1;23,5;1,3;77,2;129,3;99,6;59,8;39,8;29,6;29,6;0;4;182,2;129,7;52,5;115,6
03/03/2014 04:00;26;26;27,6;16,3;23,7;30,2;23,5;1,32;75,8;131,6;99,7;59,9;39,8;31,9;31,9;0;3,7;183,3;129,6;53,7;115,7
03/03/2014 05:00;25,9;25,9;27,5;16,2;23,6;29,5;23,5;1,31;76,8;129,9;99,7;59,9;39,8;30,3;30,3;0;3,91;183,3;129,9;53,4;115,7
03/03/2014 06:00;25,9;25,9;27,5;16,3;23,6;29,2;23,5;1,31;76,7;130,2;99,7;59,9;39,8;30,5;30,5;0;3,87;181;128,9;52,1;115,7
03/03/2014 07:00;25,9;25,9;27,4;16,3;23,5;29,2;23,4;1,31;76,5;130,4;99,7;59,9;39,8;30,7;30,7;0;3,86;180,7;130,4;50,3;115,7
03/03/2014 08:00;25,9;25,9;27,5;16,3;23,6;29,2;23,4;1,28;78,1;135,3;105,6;59,9;45,8;29,7;29,7;0;4,2;181,6;131,3;50,3;121,6
03/03/2014 09:00;26;26;27,5;16,3;23,6;29,5;23,5;1,27;78,9;144,7;114;59,9;54,1;30,7;30,7;0;4,35;181,7;133,4;48,3;130
03/03/2014 10:00;26,1;26,1;27,7;16,4;23,7;29,3;23,6;1,28;78,4;145,5;114;59,9;54,1;31,5;31,5;0;4,22;181,4;137,4;44;130
03/03/2014 11:00;26,3;26,3;27,6;16,3;22,8;30,2;23,5;1,25;80,2;142,6;114;59,9;54,1;28,5;28,5;0;4,84;160,4;121,7;38,7;130
03/03/2014 12:00;25,9;25,9;27,2;16,6;22,4;31,9;23,2;1,22;81,7;139,6;114;59,9;54,1;25,6;25,6;0;5,08;147,7;132,1;15,6;130
03/03/2014 13:00;26,1;26,1;27,5;16,9;22,7;29,8;23,2;1,23;81,2;140,4;114;59,9;54,1;26,4;26,4;0;4,96;144,1;128,5;15,6;130
03/03/2014 14:00;26;26;27,3;16,8;22,8;30,6;23,2;1,23;81,2;140,4;114;59,9;54,1;26,4;26,4;0;4,96;148,1;132,6;15,5;130
03/03/2014 15:00;26,1;26,1;26,9;16,9;23;30,1;23,4;1,23;81,2;140,3;114;59,9;54,1;26,4;26,4;0;4,97;150,6;136,3;14,3;130
03/03/2014 16:00;26,4;26,4;27;16,8;23,5;28,9;23,5;1,24;80,9;141;114;59,9;54,1;27;27;0;4,89;166,4;151,5;14,9;130
03/03/2014 17:00;26,4;26,4;27,1;16,9;24,2;27,9;23,8;1,22;81,9;139,2;114;59,9;54,1;25,2;25,2;0;5,16;181,6;163,7;17,9;130
03/03/2014 18:00;26,4;26,4;27,2;16,7;24,4;28,1;23,9;1,24;80,9;141;114;59,9;54,1;27,1;27,1;0;4,88;189,6;147,6;42;130
03/03/2014 19:00;26,4;26,4;27,1;16,7;24,1;28,2;23,9;1,23;81,3;140,3;114;59,9;54,1;26,3;26,3;0;4,98;184,1;162,2;21,9;130
03/03/2014 20:00;26,2;26,2;26,9;16,7;23,9;28,1;23,7;1,22;81,8;139,4;114;59,9;54,1;25,3;25,3;0;5,14;180;157,1;22,9;130
03/03/2014 21:00;26,1;26,1;26,8;16,8;23,9;27,9;23,6;1,23;81,3;140,3;114;59,9;54,1;26,3;26,3;0;4,99;177,3;154,5;22,8;130
03/03/2014 22:00;26;26;26,8;16,9;23,9;28,6;23,5;1,22;81,8;139,5;114;59,9;54,1;25,5;25,5;0;5,11;175,6;152,7;22,9;130
03/03/2014 23:00;26;26;26,7;16,8;23,9;28,5;23,5;1,23;81,3;140,3;114;59,9;54,1;26,2;26,3;-0,1;4,98;175,6;152,7;22,9;130
04/03/2014 00:00;26;26;26,7;16,8;23,9;28,1;23,5;1,22;81,8;139,5;114;59,9;54,1;25,4;25,4;0;5,12;176,4;153,8;22,6;130
04/03/2014 01:00;26;26;26,7;16,9;23,9;28;23,5;1,22;81,8;139,5;114,1;59,9;54,1;25,5;25,5;0;5,1;175,8;152,3;23,5;130,1
04/03/2014 02:00;25,9;25,9;26,7;16,9;23,9;27,8;23,4;1,22;81,7;139,5;114;59,9;54,1;25,5;25,4;0;5,12;173,9;151;22,9;130
04/03/2014 03:00;25,9;25,9;26,6;16,9;23,9;27,1;23,4;1,22;81,7;139,5;114;59,9;54,1;25,5;25,5;0;5,09;173,8;150,4;23,4;130
04/03/2014 04:00;25,8;25,8;26,6;16,8;23,8;27,1;23,3;1,22;81,7;139,5;114;59,9;54,1;25,5;25,5;0;5,1;173,8;149,3;24,5;130
04/03/2014 05:00;25,8;25,8;26,6;16,9;23,8;26,1;23,3;1,22;81,8;139,3;114;59,9;54;25,3;25,3;0;5,13;170,3;144,4;25,9;130
04/03/2014 06:00;26;26;26,6;16,9;23,8;25,3;23,5;1,22;82;138,9;113,9;59,9;54;25;25;-0,1;5,2;170,5;143,7;26,8;129,9
04/03/2014 07:00;26,1;26,1;26,7;16,9;23,8;25,2;23,7;1,22;82;139;114;59,9;54;25,1;25,1;0;5,17;171,1;143,7;27,4;130
04/03/2014 08:00;26,2;26,2;26,7;16,9;23,9;25,8;23,8;1,24;80,9;141;114;59,9;54,1;26,9;27;0;4,9;172,7;147,3;25,4;130
04/03/2014 09:00;26,3;26,3;26,9;16,8;24;26,3;23,9;1,22;81,9;139,4;114,1;60;54,2;25,3;25,3;0;5,15;180,2;158,1;22,1;130,1
04/03/2014 10:00;26,4;26,4;26,9;16,8;24;24,8;23,8;1,24;80,4;141,2;114,1;59,9;54,2;27,1;27,1;0;4,86;177,8;138,1;39,7;130,1
04/03/2014 11:00;26,4;26,4;27;16,9;23;23;23,5;1,23;81,2;140,5;114,1;59,9;54,2;27,2;27,2;0;4,85;152,6;137,5;15,1;130,1
04/03/2014 12:00;26,3;26,3;27;17,1;22,9;22,7;23,3;1,22;81,7;139,7;114,1;59,9;54,2;25,6;26,4;-0,8;4,96;143,7;99,1;44,6;130,1
04/03/2014 13:00;26,3;26,3;27;17,2;22,9;23,5;23,5;1,25;80,2;142,1;113,9;59,7;54,2;28,2;28,2;0;4,69;143,6;103,6;40;129,9
04/03/2014 14:00;26,2;26,2;26,9;17,2;22,9;26,2;23,5;1,24;80,6;141,1;113,7;59,5;54,2;27,4;27,4;0;4,8;143,2;102,3;40,9;129,7
04/03/2014 15:00;26,2;26,2;27,2;17,1;23;26,1;23,5;1,23;81,6;139,3;113,7;59,5;54,2;25,6;25,6;0;5,06;146,6;130,1;16,5;129,7
04/03/2014 16:00;26,2;26,2;27;17;22,9;27,2;23,3;1,23;81,1;140,2;113,7;59,5;54,2;26,5;26,5;0;4,93;148,6;131,9;16,7;129,7
04/03/2014 17:00;26;26;26,9;16,9;23,1;28,6;23,2;1,23;81,5;139,4;113,7;59,5;54,2;25,8;25,8;0;5,03;153,5;137,8;15,7;129,7
04/03/2014 18:00;26;26;26,9;16,8;23,7;28,6;23,4;1,24;81,1;140,3;113,7;59,6;54,1;26,6;26,6;0;4,92;170,5;154,9;15,6;129,7
04/03/2014 19:00;26,1;26,1;27;17;24,4;28,1;23,7;1,23;81,6;139,5;113,8;59,6;54,2;25,7;25,7;0;5,04;182,5;164,1;18,4;129,8
04/03/2014 20:00;26,2;26,2;27,1;17;24,4;27,4;23,7;1,23;81,5;139,6;113,8;59,6;54,2;25,8;25,8;0;5,03;184,7;166,1;18,6;129,8
04/03/2014 21:00;26,2;26,2;27,1;16,9;24,5;26,8;23,8;1,24;81,1;140,4;113,8;59,6;54,2;26,7;26,7;0;4,91;187;167,3;19,7;129,8
04/03/2014 22:00;26,2;26,2;27;17;24,5;26,8;23,8;1,24;81;140,5;113,8;59,6;54,2;26,7;26,7;0;4,9;185,6;165,2;20,4;129,8
04/03/2014 23:00;26,2;26,2;27;16,9;24,3;26,8;23,8;1,24;80,7;141,2;113,8;59,6;54,2;27,4;26,6;0,8;4,92;185,3;163,5;21,8;129,8
05/03/2014 00:00;26,1;26,1;26,9;16,9;24,1;26,6;23,7;1,22;81,7;139,3;113,8;59,6;54,2;25,5;25,5;0;5,1;180,2;157,9;22,3;129,8
05/03/2014 01:00;25,9;25,9;26,7;16,8;24;25,8;23,5;1,22;81,8;139;113,7;59,6;54,2;25,3;25,3;0;5,13;177,7;154,3;23,4;129,7
05/03/2014 02:00;25,7;25,7;26,6;16,9;23,9;24,9;23,4;1,22;81,7;139,2;113,7;59,6;54,1;25,5;25,5;0;5,09;175,1;151,1;24;129,7
05/03/2014 03:00;25,6;25,6;26,5;16,8;23,8;24,3;23,3;1,22;81,7;139,1;113,6;59,5;54,1;25,4;25,4;0;5,11;175;150;25;129,6
05/03/2014 04:00;25,5;25,5;26,4;16,9;23,7;23,6;23,3;1,22;81,8;139;113,6;59,5;54,1;25,4;25,5;-0,1;5,09;170,2;144,8;25,4;129,6
05/03/2014 05:00;25,8;25,8;26,6;17,1;23,8;23;23,5;1,22;81,8;139;113,6;59,6;54,1;25,3;25,3;0;5,12;168,4;141,6;26,8;129,6
05/03/2014 06:00;25,9;25,9;26,6;17,1;23,9;22,7;23,6;1,23;81,4;139,7;113,7;59,6;54;26,1;26,1;0;5,02;169,6;142,1;27,5;129,7
05/03/2014 07:00;25,9;25,9;26,6;17;23,9;22,5;23,7;1,22;81,9;138,8;113,7;59,6;54,1;25,2;25,1;0;5,16;171,5;144,4;27,1;129,7
05/03/2014 08:00;26;26;26,7;17;24,1;22,7;23,8;1,23;81,3;139,9;113,7;59,6;54,1;26,2;26,2;0;4,99;176,2;152;24,2;129,7
05/03/2014 09:00;26,1;26,1;26,8;16,9;23,9;24;23,6;1,24;80,7;141;113,7;59,6;54,1;27,3;27,3;0;4,82;173,1;154,8;18,3;129,7
05/03/2014 10:00;26,2;26,2;26,9;17,4;23;24,6;23,4;1,23;81,4;139,8;113,8;59,6;54,2;26;26;0;4,99;139;123,1;15,9;129,8
05/03/2014 11:00;26,5;26,5;27,2;17,5;23,2;23,9;23,6;1,25;79,9;143,3;113,8;59,6;54,2;29,5;29,5;0;4,51;139;88,6;50,4;129,8
05/03/2014 12:00;26,8;26,8;27,4;17,6;23,1;24,6;23,9;1,27;79,1;144,2;114;59,7;54,3;30,2;30,3;-0,1;4,41;137;97;40;130
05/03/2014 13:00;26,8;26,8;27,8;18;23,3;24,5;24,1;1,27;79;144,5;113,9;59,6;54,4;30,5;30,5;0;4,38;133,1;89,6;43,5;129,9
05/03/2014 14:00;27,2;27,2;27,8;17,9;23,5;24,6;24,2;1,26;79,5;144,3;113,9;59,6;54,4;30,4;30,4;0;4,39;138,4;94,9;43,5;129,9
05/03/2014 15:00;27,3;27,3;27,5;18,1;23,6;24,5;24,3;1,25;79,9;142,6;113,9;59,5;54,4;28,8;28,8;0;4,6;137,2;94,1;43,1;129,9
05/03/2014 16:00;27,3;27,3;27,4;17,6;23,5;28;24,4;1,27;79,1;144;113,8;59,5;54,3;30,2;31,1;-0,9;4,3;147,7;102;45,7;129,8
05/03/2014 17:00;26,5;26,5;26,8;16,7;23,1;29,7;23,6;1,24;80,6;140,3;113,7;59,4;54,2;26,6;26,7;0;4,91;160;118,6;41,4;129,7
05/03/2014 18:00;26;26;26,5;16,8;23,9;28,7;23,6;1,23;81,5;139,4;113,7;59,4;54,3;25,9;25,9;0;5,01;177,8;140;37,8;129,7
05/03/2014 19:00;26,1;26,1;26,7;16,1;24,2;27,9;23,6;1,25;79,9;142,5;113,7;59,4;54,3;28,8;28,8;0;4,56;200,6;123,8;76,8;129,7
05/03/2014 20:00;26,1;26,1;26,9;15,9;24;27,5;23,6;1,25;80,3;141,6;113,7;59,4;54,3;28;27,1;0,8;4,79;201,1;125,8;75,3;129,7
05/03/2014 21:00;26,1;26,1;26,8;16,1;24,2;27,2;23,5;1,26;79,6;143;113,7;59,4;54,3;29,4;29,4;0;4,48;202;123,6;78,4;129,7
05/03/2014 22:00;26,2;26,2;26,9;16,1;23,9;28,8;23,5;1,25;79,9;142,4;113,7;59,4;54,3;28,8;28,8;0;4,56;194,9;123,2;71,7;129,7
05/03/2014 23:00;26,2;26,2;26,9;16;23,9;28,7;23,5;1,25;79,8;142,5;113,7;59,4;54,3;28,8;28,8;0;4,55;197,3;125,7;71,6;129,7
06/03/2014 00:00;26,2;26,2;27;16;24;27,8;23,5;1,27;79,1;143,9;113,7;59,4;54,3;30,2;30,3;-0,1;4,37;198,9;126,8;72,1;129,7
06/03/2014 01:00;26,2;26,2;27;15,9;24,1;27;23,6;1,25;80,1;142,1;113,7;59,4;54,3;28,5;28,5;0;4,62;205,6;128,1;77,5;129,7
06/03/2014 02:00;26;26;26,9;15,7;23,9;27,2;23,4;1,24;80,9;140,5;113,7;59,4;54,3;26,8;26,8;0;4,84;202,8;122,7;80,1;129,7
06/03/2014 03:00;25,8;25,8;26,8;15,7;23,8;28,3;23,3;1,25;80,4;141,5;113,7;59,4;54,3;27,8;27,8;0;4,7;199,9;119,9;80;129,7
06/03/2014 04:00;25,8;25,8;26,7;15,8;23,7;29,3;23,2;1,24;80,7;140,9;113,7;59,4;54,3;27,9;27,9;0;4,68;198,5;118,8;79,7;129,7
06/03/2014 05:00;25,7;25,7;26,7;15,8;23,7;29,5;23,1;1,25;80;142,3;113,7;59,4;54,3;28,6;28,6;0;4,59;198,8;119,4;79,4;129,7
06/03/2014 06:00;25,7;25,7;26,7;15,7;23,8;30;23,1;1,24;80,6;141,2;113,7;59,4;54,3;27,5;27,5;0;4,75;200;120,3;79,7;129,7
06/03/2014 07:00;25,8;25,8;26,8;15,9;23,9;31,5;23,2;1,25;80;142,2;113,7;59,4;54,3;28,5;28,5;0;4,62;198,8;123;75,8;129,7
06/03/2014 08:00;26,1;26,1;26,9;16;24,1;31,6;23,5;1,26;79,6;143,2;113,9;59,6;54,3;28,5;28,5;0;4,62;201,3;127,7;73,6;129,9
06/03/2014 09:00;26,3;26,3;27;16;23,5;32;23,5;1,25;80,2;142,2;113,9;59,7;54,3;28,3;28,3;0;4,64;187,5;118;69,5;129,9
06/03/2014 10:00;26,3;26,3;26,9;16,2;22,9;33,7;23,3;1,26;79,4;140;111,2;56,9;54,3;28,8;28,8;0;4,46;167,2;95,9;71,3;127,2
06/03/2014 11:00;26,2;26,2;27,2;16,8;23,2;33,3;23,3;1,26;79,2;138,3;109,4;55,1;54,3;28,9;29,7;-0,8;4,29;159,1;88;71,1;125,4
06/03/2014 12:00;26,7;26,7;27,6;17,2;23,4;32,7;23,5;1,28;78;140,5;109,5;55,1;54,4;31;31;0;4,12;153,7;84,9;68,8;125,5
06/03/2014 13:00;27;27;27,7;17,6;23,5;34;24,1;1,29;77,9;140,9;109,5;55,1;54,4;31,4;31,4;0;4,09;148,1;79,9;68,2;125,5
06/03/2014 14:00;27,1;27,1;27,5;17,5;23,5;34,4;24,3;1,3;77,3;141;109,5;55,1;54,4;31,5;31,5;0;4,07;149,6;82,9;66,7;125,5
06/03/2014 15:00;26,9;26,9;27,3;17,3;23,4;33,3;24,2;1,29;77,8;140,7;109,4;55,1;54,3;31,2;31,3;-0,1;4,09;151,7;84,9;66,8;125,4
06/03/2014 16:00;26,8;26,8;27,2;17;23,2;32,6;24,1;1,27;78,7;139,1;109,4;55,1;54,4;30,5;30,5;0;4,2;156,4;87,4;69;125,4
06/03/2014 17:00;26,4;26,4;27,1;16,5;23,1;32,3;23,6;1,27;78,7;139,1;109,4;55;54,3;29,7;29,7;0;4,3;164,9;93,9;71;125,4
06/03/2014 18:00;26;26;26,7;16,1;22,8;32,6;23;1,27;78,8;138,8;109,3;55;54,3;29,6;29,6;0;4,31;169,2;97,1;72,1;125,3
06/03/2014 19:00;25,6;25,6;26,5;15,8;22,8;33,1;22,6;1,28;78,4;139,6;109,3;55;54,3;30,3;30,3;0;4,22;173,9;102,8;71,1;125,3
06/03/2014 20:00;25,4;25,4;26,4;15,9;23,6;32,2;22,8;1,26;79,6;137,4;109,3;55;54,3;28,1;28,1;0;4,5;190;119,3;70,7;125,3
06/03/2014 21:00;25,5;25,5;26,5;16;23,9;30,9;23;1,26;79,6;137,3;109,2;55;54,2;28,1;28,1;0;4,49;195,6;124,7;70,9;125,2
06/03/2014 22:00;25,6;25,6;26,6;16;24,1;30,2;23,1;1,26;79,7;137,1;109,3;55;54,2;27,8;27,8;0;4,54;201,3;127,2;74,1;125,3
06/03/2014 23:00;25,6;25,6;26,6;15,9;23,9;30,3;23,2;1,28;78,3;138,8;109,2;55;54,2;29,6;28,7;0,9;4,42;199,5;124,1;75,4;125,2
07/03/2014 00:00;25,6;25,6;26,5;15,8;23,7;30,8;23,2;1,26;79,8;137;109,2;55;54,2;27,8;27,7;0;4,55;195,8;120,9;74,9;125,2
07/03/2014 01:00;25,6;25,6;26,5;15,9;23,7;30,5;23,2;1,26;79,4;137,6;109,2;55;54,2;28,4;28,4;0;4,46;196,7;121,9;74,8;125,2
07/03/2014 02:00;25,6;25,6;26,6;15,9;24;29,1;23,3;1,26;79,2;138;109,2;55;54,2;28,7;29,5;-0,7;4,31;201,1;124,9;76,2;125,2
07/03/2014 03:00;25,6;25,6;26,5;16;24;29,1;23,3;1,26;79,3;137,7;109,2;55;54,2;28,5;28,5;0;4,44;200,8;126,1;74,7;125,2
07/03/2014 04:00;25,6;25,6;26,6;15,9;24;29,6;23,3;1,26;79,3;137,9;109,2;55;54,2;28,6;28,6;0;4,44;201,6;126,5;75,1;125,2
07/03/2014 05:00;25,6;25,6;26,6;16;24;29,9;23,2;1,25;80,2;136,2;109,2;55;54,2;27;27;0;4,64;202;126,6;75,4;125,2
07/03/2014 06:00;25,6;25,6;26,6;15,9;23,9;30,2;23,2;1,26;79,4;137,7;109,2;55;54,2;28,5;28,5;0;4,45;199,8;125,3;74,5;125,2
07/03/2014 07:00;25,7;25,7;26,6;16;23,9;30;23,1;1,26;79,3;137,8;109,2;55;54,2;28,6;28,6;0;4,45;197,4;125;72,4;125,2
07/03/2014 08:00;25,7;25,7;26,6;16,1;23,1;30,7;22,8;1,25;80,2;136,2;109,2;55;54,2;27;27;0;4,63;174,1;103,1;71;125,2
07/03/2014 09:00;25,7;25,7;26,6;16,1;22,7;32,7;22,7;1,28;78,4;139,4;109,2;55;54,3;30,2;30,2;0;4,24;164,8;91,7;73,1;125,2
07/03/2014 10:00;25,7;25,7;26,6;16,2;22,7;34,9;22,7;1,28;78,4;139,5;109,3;55;54,3;30,2;29,5;0,7;4,33;162,8;90,8;72;125,3
07/03/2014 11:00;25,8;25,8;26,6;16,4;22,8;37,1;22,8;1,28;78,3;139,5;109,2;55;54,2;30,3;30,3;0;4,21;158,6;87,4;71,2;125,2
07/03/2014 12:00;26,1;26,1;26,8;16,9;22,9;38;23,2;1,26;79,5;137,5;109,3;55;54,3;28,2;28,2;0;4,47;150,7;81,4;69,3;125,3
07/03/2014 13:00;26,4;26,4;27,1;17,3;23,1;38,5;23,7;1,28;78,2;140;109,4;55;54,4;29,8;29,8;0;4,28;143,4;76,7;66,7;125,4
07/03/2014 14:00;27;27;27,4;17,8;23,5;37,9;24,3;1,3;77,3;141,8;109,5;55,1;54,4;32,3;32,4;0;3,97;141,5;75,3;66,2;125,5
07/03/2014 15:00;27,3;27,3;27,7;18;23,7;36,8;24,7;1,3;77,3;142;109,6;55,1;54,5;32,4;32,4;0;3,96;142;74,3;67,7;125,6
07/03/2014 16:00;27,9;27,9;28,4;18,5;24,3;33,1;25,2;1,29;77,3;142,1;109,7;55,1;54,6;32,4;32,4;0;3,98;145;76,1;68,9;125,7
07/03/2014 17:00;27,9;27,9;28,3;18,1;24,1;31,3;25,1;1,29;77,4;141,9;109,7;55,2;54,5;31,4;31,4;0;4,09;150,9;81,4;69,5;125,7
07/03/2014 18:00;27,5;27,5;27,9;17,5;23,7;31,7;24,7;1,28;78,4;140;109,6;55,1;54,5;30,4;30,4;0;4,21;154,3;85,5;68,8;125,6
07/03/2014 19:00;26,9;26,9;27,4;16,6;23,2;32;24,1;1,27;79,1;138,4;109,4;55;54,4;29;29;0;4,38;165;92,9;72,1;125,4
07/03/2014 20:00;26,2;26,2;27;16,1;23,1;30,9;23,3;1,25;80;136,8;109,4;55;54,3;27,4;27,4;0;4,58;174,6;102,3;72,3;125,4
07/03/2014 21:00;25,8;25,8;26,7;16,1;24,1;27,3;23,4;1,26;79,7;137,1;109,3;55;54,3;27,8;27,9;0;4,52;199,3;123,3;76;125,3
07/03/2014 22:00;25,7;25,7;26,7;16;23,9;27,4;23,4;1,25;79,9;136,9;109,2;55;54,2;27,7;27,7;0;4,55;198,3;120,2;78,1;125,2
07/03/2014 23:00;25,6;25,6;26,7;16,1;23,9;27;23,2;1,25;80,1;136,4;109,2;55;54,2;27,2;27,2;0;4,6;195,2;116,6;78,6;125,2
08/03/2014 00:00;25,5;25,5;26,6;16;23,8;26,9;23,1;1,25;79,8;137;109,3;55;54,3;27,8;27,8;0;4,54;194,6;115,1;79,5;125,3
08/03/2014 01:00;25,4;25,4;26,6;16;23,8;27,4;23,1;1,25;80,2;136,2;109,2;55;54,3;27,1;27,1;0;4,63;194,6;114,6;80;125,2
08/03/2014 02:00;25,4;25,4;26,6;16,1;23,8;27,6;23,1;1,25;80,2;136,3;109,2;54,9;54,3;27;27;0;4,63;193;114,1;78,9;125,2
08/03/2014 03:00;25,5;25,5;26,6;16,1;23,8;28,3;23,1;1,26;79,8;136,9;109,2;55;54,3;27,7;27,7;0;4,55;192,4;115,4;77;125,2
08/03/2014 04:00;25,7;25,7;26,7;16,1;24;30,3;23,3;1,26;79,3;137,8;109,2;55;54,2;28,6;28,7;-0,1;4,42;195,9;120,6;75,3;125,2
08/03/2014 05:00;25,8;25,8;26,8;16,1;24,2;31,5;23,4;1,26;79,3;137,9;109,3;55;54,2;28,7;28,7;0;4,43;201,4;125,2;76,2;125,3
08/03/2014 06:00;25,9;25,9;26,8;16,1;24,3;32,7;23,5;1,26;79,6;137,2;109,2;55;54,2;28;28;0;4,51;203,1;126,6;76,5;125,2
08/03/2014 07:00;25,9;25,9;26,8;16,1;24,2;34,7;23,4;1,25;80;136,5;109,2;55;54,2;27,2;27,9;-0,7;4,51;199,9;126,6;73,3;125,2
08/03/2014 08:00;25,9;25,9;26,8;16,3;23,5;37,9;23,3;1,25;79,9;136,7;109,3;55;54,3;27,5;27,5;0;4,6;177,7;108,4;69,3;125,3
08/03/2014 09:00;25,7;25,7;26,4;17,3;22,9;39,7;22,9;1,24;80,8;135,3;109,3;55;54,3;26;26;0;4,82;139,4;123,9;15,5;125,3
08/03/2014 10:00;25,8;25,8;26,5;17,4;23;36,5;22,9;1,25;80,3;136,1;109,3;55;54,3;26,9;26,9;0;4,69;138,6;123,7;14,9;125,3
08/03/2014 11:00;25,8;25,8;26,5;17,7;23;36;23;1,26;79,2;138,2;109,4;55;54,3;28,9;28,9;0;4,44;130,7;116,8;13,9;125,4
08/03/2014 12:00;26,2;26,2;26,8;17,9;23,2;35,2;23,4;1,26;79,2;138,2;109,4;55;54,4;28,8;28,8;0;4,44;129,9;90,2;39,7;125,4
08/03/2014 13:00;26,4;26,4;26,9;18;23,2;33,2;23,7;1,25;80,2;136,5;109,4;55;54,4;27,1;27,9;-0,9;4,56;131,4;91,8;39,6;125,4
08/03/2014 14:00;26,6;26,6;27;18;23,3;32,4;23,8;1,26;79,3;138,2;109,4;55;54,4;28,8;28,8;0;4,44;131,6;97;34,6;125,4
08/03/2014 15:00;26,5;26,5;27;17,9;23,3;32,4;23,8;1,26;79,1;138,4;109,4;55;54,4;29;29,8;-0,8;4,31;133;95,5;37,5;125,4
08/03/2014 16:00;26,5;26,5;26,9;17,8;23,2;32,7;23,7;1,26;79,2;138,2;109,4;55;54,4;28,8;28,8;0;4,44;136;93,9;42,1;125,4
08/03/2014 17:00;26,4;26,4;26,8;17,5;23,2;32,7;23,6;1,26;79,9;137;109,3;55;54,3;26,8;26,8;0;4,71;142,9;97,6;45,3;125,3
08/03/2014 18:00;26;26;26,6;17,2;23,1;32,8;23,1;1,25;80,3;136,1;109,3;55;54,3;26,8;26,8;0;4,71;147;131,2;15,8;125,3
08/03/2014 19:00;25,8;25,8;26,5;17,3;23;31,5;22,9;1,24;80,8;135,2;109,3;55;54,3;25,9;25,9;0;4,83;140,6;125,3;15,3;125,3
08/03/2014 20:00;25,6;25,6;26,3;17;23,1;32;22,8;1,24;80,8;135,2;109,3;55;54,3;25,9;25,9;0;4,84;152,7;138,3;14,4;125,3
08/03/2014 21:00;25,5;25,5;26,2;17,1;24,1;30,9;23,2;1,24;80,5;135,8;109,2;55;54,2;26,6;26,5;0;4,76;173;154,8;18,2;125,2
08/03/2014 22:00;25,7;25,7;26,3;17,2;23,5;32,3;23,2;1,24;80,8;135,3;109,2;55;54,3;26;26;0;4,81;158,3;141,8;16,5;125,2
08/03/2014 23:00;25,7;25,7;26,4;17,3;22,9;33,2;22,8;1,24;80,7;135,5;109,3;55;54,3;26,2;26,2;0;4,78;139,3;123,7;15,6;125,3
09/03/2014 00:00;25,6;25,6;26,3;17,1;22,8;33,4;22,6;1,24;80,7;135,3;109,2;55;54,3;26,1;26,1;0;4,8;142,4;127,1;15,3;125,2
09/03/2014 01:00;25,4;25,4;26,2;17,1;23,1;32,1;22,7;1,24;80,7;135,3;109,2;55;54,3;26,1;26,1;0;4,81;149,3;136,5;12,8;125,2
09/03/2014 02:00;25,4;25,4;26,2;17,1;23,5;31,4;22,9;1,24;80,8;135,1;109,2;55;54,2;26;26;0;4,82;158;143,4;14,6;125,2
09/03/2014 03:00;25,6;25,6;26,3;17,2;24,3;30;23,3;1,24;80,9;135;109,3;55;54,2;25,8;25,8;0;4,87;176,6;157,1;19,5;125,3
09/03/2014 04:00;25,6;25,6;26,2;17,1;24,1;29,6;23,4;1,24;81;134,9;109,2;55;54,3;25,7;25,7;0;4,87;175,8;156,2;19,6;125,2
09/03/2014 05:00;25,6;25,6;26,2;17;24;29,3;23,4;1,24;80,5;135,7;109,2;55;54,2;26,4;26,4;0;4,77;172,4;153,5;18,9;125,2
09/03/2014 06:00;25,6;25,6;26,3;17,1;24,2;28,6;23,5;1,24;80,5;135,8;109,2;55;54,2;26,5;26,5;0;4,76;176,8;156,5;20,3;125,2
09/03/2014 07:00;25,7;25,7;26,3;17,1;24,2;29,4;23,4;1,24;80,9;135;109,3;55;54,2;25,8;25,8;0;4,87;176,8;159,3;17,5;125,3
09/03/2014 08:00;25,8;25,8;26,4;17,3;23,1;32;23;1,26;79,9;136,9;109,2;55;54,3;27,7;27,6;0;4,6;142,9;127;15,9;125,2
09/03/2014 09:00;26;26;26,6;17,7;23;34;23,3;1,26;79,8;137,2;109,3;55;54,3;28,7;28,7;0;4,46;130,6;89,3;41,3;125,3
09/03/2014 10:00;26,5;26,5;27;18,2;23,3;33,5;23,8;1,27;78,8;139,1;109,4;55,1;54,4;29,7;29,7;0;4,34;126,1;78,8;47,3;125,4
09/03/2014 11:00;27;27;27,4;18,6;23,6;33,1;24,3;1,28;78,2;140,2;109,5;55,1;54,4;30,7;30,7;0;4,21;125,3;83,4;41,9;125,5
09/03/2014 12:00;27,5;27,5;27,8;19;24,1;33,2;24,8;1,29;77,7;141,2;109,6;55,1;54,5;31,6;31,6;0;4,09;125,1;81,3;43,8;125,6
09/03/2014 13:00;28;28;28,3;19,5;24,4;33,2;25,5;1,31;76,5;143,9;109,8;55,2;54,6;34,2;35;-0,8;3,74;122,3;71,1;51,2;125,8
09/03/2014 14:00;28,4;28,4;28,6;19,7;24,6;33,2;26;1,3;77,1;142,7;109,8;55,2;54,6;32,9;32,9;0;3,94;124,1;67,8;56,3;125,8
09/03/2014 15:00;28,4;28,4;28,5;19,2;24,5;33,9;26;1,28;78,2;140,7;109,8;55,2;54,6;30,8;30,8;0;4,19;132,6;81,1;51,5;125,8
09/03/2014 16:00;28,2;28,2;28,3;18,8;24,4;33,3;25,6;1,27;78,8;139,4;109,7;55,2;54,5;29,7;29,7;0;4,33;139,7;97,4;42,3;125,7
09/03/2014 17:00;27,6;27,6;27,7;17,9;23,8;32,7;25;1,26;79,4;138,1;109,6;55,1;54,5;28,6;28,6;0;4,49;149;102,4;46,6;125,6
09/03/2014 18:00;26,7;26,7;26,9;17,3;23,2;31,5;24;1,25;80,3;136,3;109,4;55;54,4;26,9;26,9;0;4,7;149,4;106,7;42,7;125,4
09/03/2014 19:00;26,1;26,1;26,6;17,2;23,1;31,9;23,4;1,25;80,3;136,2;109,4;55;54,3;26,9;26,9;0;4,7;146,7;130,5;16,2;125,4
09/03/2014 20:00;25,8;25,8;26,5;17,3;23;30,2;23;1,24;80,8;135,4;109,3;55;54,3;26,1;26,1;0;4,81;142,6;127,3;15,3;125,3
09/03/2014 21:00;25,7;25,7;26,5;17,3;23;30;22,9;1,24;80,8;135,3;109,3;55;54,3;26;26;0;4,81;143,5;128,1;15,4;125,3
09/03/2014 22:00;25,6;25,6;26,4;17,4;23;29,7;22,8;1,24;80,7;135,4;109,3;55;54,3;26,1;26,1;0;4,8;138,1;123,3;14,8;125,3
09/03/2014 23:00;25,7;25,7;26,4;17,1;23;29;22,8;1,24;81;135;109,3;55;54,3;25,7;25,7;0;4,87;145,8;130,5;15,3;125,3
10/03/2014 00:00;25,4;25,4;26,2;17,1;23,8;27,8;23,1;1,23;81;134,8;109,3;55;54,3;25,6;25,6;0;4,9;166,8;150,1;16,7;125,3
10/03/2014 01:00;25,6;25,6;26,3;17,1;24,1;27,7;23,3;1,25;80,5;135,8;109,2;55;54,2;25,8;25,8;0;4,86;173,7;156,9;16,8;125,2
10/03/2014 02:00;25,7;25,7;26,3;17,2;24,2;27,8;23,4;1,24;80,9;135;109,3;55;54,2;25,8;25,8;0;4,86;174,4;156,1;18,3;125,3
10/03/2014 03:00;25,7;25,7;26,3;17,1;24,1;28,2;23,5;1,23;81;134,8;109,2;55;54,2;25,6;25,6;0;4,88;173,2;152,9;20,3;125,2
10/03/2014 04:00;25,6;25,6;26,3;17,1;24;28,6;23,5;1,23;81,1;134,7;109,2;55;54,2;25,6;25,6;0;4,9;171,7;151,5;20,2;125,2
10/03/2014 05:00;25,6;25,6;26,2;17;23,9;28,1;23,4;1,23;81,1;134,7;109,2;55;54,2;25,5;25,5;0;4,92;170,2;150,3;19,9;125,2
10/03/2014 06:00;25,5;25,5;26,1;16,9;23,8;27,5;23,3;1,23;81,1;134,6;109,2;55;54,2;25,5;25,5;0;4,92;171,1;150,1;21;125,2
10/03/2014 07:00;25,4;25,4;26,1;17,1;24;27,6;23,2;1,24;81;134,8;109,2;55;54,2;25,6;25,6;0;4,89;171,3;153,1;18,2;125,2
10/03/2014 08:00;25,8;25,8;26,4;17,5;23;32,7;23,1;1,26;79,5;137,5;109,3;55;54,3;28,3;28,3;0;4,52;135,5;119,8;15,7;125,3
10/03/2014 09:00;26,1;26,1;26,6;17,7;23;34,9;23,4;1,26;79,9;137;109,3;55;54,3;27,7;27,7;0;4,6;133,2;117,5;15,7;125,3
10/03/2014 10:00;26,3;26,3;26,8;18;23,1;36,7;23,6;1,27;78,8;138,9;109,4;55;54,3;29,6;29,6;0;4,35;128,1;83,9;44,2;125,4
10/03/2014 11:00;26,7;26,7;27,2;18,3;23,4;35,9;24;1,27;78,9;139;109,4;55,1;54,4;28,7;28,7;0;4,47;127,5;86,2;41,3;125,4
10/03/2014 12:00;27,1;27,1;27,5;18,3;23,6;33,3;24,4;1,27;78,8;139,1;109,5;55,1;54,4;30,4;30,4;0;4,25;132,6;84,1;48,5;125,5
10/03/2014 13:00;27;27;27,4;18,1;23,5;32,6;24,3;1,27;78,8;139;109,4;55;54,4;29,6;29,6;0;4,34;136,5;97,6;38,9;125,4
10/03/2014 14:00;26,6;26,6;27,1;17,5;23,3;32,4;24,1;1,26;79,4;137,9;109,4;55;54,4;28,5;28,5;0;4,5;144,4;103,2;41,2;125,4
10/03/2014 15:00;26,1;26,1;26,7;17,1;23,1;31,7;23,5;1,24;80,8;135,3;109,3;55;54,3;26;26;0;4,83;151,8;135,4;16,4;125,3
10/03/2014 16:00;25,6;25,6;26,5;17,1;23,6;29,7;23,3;1,25;80,4;136;109,3;55;54,3;26,7;26,7;0;4,72;163,1;147,6;15,5;125,3
10/03/2014 17:00;25,6;25,6;26,5;17,1;24,1;28,3;23,5;1,24;80,9;135,1;109,3;55;54,3;25,9;25,9;0;4,85;173,7;154,8;18,9;125,3
10/03/2014 18:00;25,6;25,6;26,5;16,9;23,9;28,3;23,5;1,24;80,7;135,4;109,3;55;54,3;26,1;26,1;0;4,8;174,9;156,3;18,6;125,3
10/03/2014 19:00;25,6;25,6;26,7;16,1;23,9;28,3;23,5;1,25;80;136,6;109,3;55;54,3;27,3;27,3;0;4,59;193,6;119,1;74,5;125,3
10/03/2014 20:00;25,7;25,7;26,9;16,1;23,9;28,3;23,5;1,25;80;136,7;109,3;55;54,3;27,4;27,4;0;4,57;194,4;119,5;74,9;125,3
10/03/2014 21:00;25,7;25,7;26,9;16,2;23,9;28,4;23,5;1,26;79,6;137,4;109,3;55;54,3;28,1;28,1;0;4,49;193,9;118,2;75,7;125,3
10/03/2014 22:00;25,7;25,7;26,9;16,1;23,9;28,5;23,4;1,26;79,5;137,5;109,3;55;54,3;28,2;28,2;0;4,48;195,4;119,6;75,8;125,3
10/03/2014 23:00;25,7;25,7;26,9;16,1;23,9;28,8;23,4;1,26;79,7;137,2;109,3;55;54,3;28;28;0;4,52;196;120,2;75,8;125,3
11/03/2014 00:00;25,7;25,7;26,9;16,1;24;29;23,4;1,26;79,3;137,8;109,3;55;54,3;28,5;28,5;0;4,44;195,8;121,7;74,1;125,3
11/03/2014 01:00;25,7;25,7;26,9;16;24;28,9;23,4;1,26;79,6;137,3;109,3;55;54,3;28;28;0;4,51;197,2;121,1;76,1;125,3
11/03/2014 02:00;25,7;25,7;26,9;16,1;24;28,6;23,4;1,26;79,2;138;109,3;55;54,3;28,7;28,7;0;4,42;197,7;121,5;76,2;125,3
11/03/2014 03:00;25,7;25,7;26,9;16,1;24;28,3;23,4;1,26;79,6;137,4;109,3;55;54,3;28,1;28,1;0;4,49;197,4;121,3;76,1;125,3
11/03/2014 04:00;25,7;25,7;26,9;16,1;24,1;28,6;23,4;1,25;80;136,6;109,3;55;54,3;27,3;27,3;0;4,59;198,3;122,1;76,2;125,3
11/03/2014 05:00;25,7;25,7;26,9;16,1;24;29;23,4;1,26;79,7;137,2;109,3;55;54,3;27,9;27,2;0,8;4,62;196,9;121,5;75,4;125,3
11/03/2014 06:00;25,8;25,8;27;16,2;24,2;29;23,5;1,25;80,2;136,3;109,3;55;54,3;27,1;27,1;0;4,63;199,6;123,4;76,2;125,3
11/03/2014 07:00;25,8;25,8;27;16,2;24,2;29,6;23,4;1,26;79,3;137,9;109,3;55;54,3;28,6;28,6;0;4,43;200,9;125,7;75,2;125,3
11/03/2014 08:00;25,9;25,9;27;16,2;23,8;30,4;23,3;1,26;79,3;137,9;109,3;55;54,3;28,7;28,7;0;4,42;189,9;118,2;71,7;125,3
11/03/2014 09:00;25,8;25,8;27;16,4;23,1;31,8;23;1,25;80;136,6;109,3;55;54,3;27,3;27,3;0;4,59;167;94,2;72,8;125,3
11/03/2014 10:00;25,8;25,8;27,1;16,6;23;32,5;23;1,26;79;138,4;109,3;55;54,3;29,1;29,1;0;4,36;160,7;87,4;73,3;125,3
11/03/2014 11:00;26,1;26,1;27,2;17;23,2;32,9;23,3;1,28;78,2;140;109,4;55;54,4;30,6;30,6;0;4,18;153,3;83,3;70;125,4
11/03/2014 12:00;26,3;26,3;27,7;17,3;23,3;31,9;23,7;1,28;78,3;140;109,4;54,9;54,5;30,6;30,6;0;4,18;151,8;79,3;72,5;125,4
11/03/2014 13:00;26,4;26,4;27,8;17;23,3;30,5;23,8;1,29;77,8;140,6;109,3;54,8;54,5;31,3;31,4;0;4,08;156,8;85,7;71,1;125,3
11/03/2014 14:00;26,2;26,2;27,6;16,8;23,2;32,1;23,6;1,28;78,1;140,2;109,4;54,9;54,5;30,8;30,8;0;4,16;160,3;89;71,3;125,4
11/03/2014 15:00;26,1;26,1;27,5;16,6;23,2;32,1;23,5;1,25;80;136,9;109,5;55;54,5;27,4;27,4;0;4,58;163,7;90;73,7;125,5
11/03/2014 16:00;26;26;27,4;16,3;23,1;30,2;23,3;1,27;79,2;138,3;109,5;55;54,5;28,9;28,9;0;4,4;171,2;95,6;75,6;125,5
11/03/2014 17:00;25,6;25,6;27,1;16,1;23,3;28,9;22,9;1,26;79,6;137,6;109,4;55;54,5;28,1;28,1;0;4,49;180,6;106,3;74,3;125,4
11/03/2014 18:00;25,5;25,5;27;16,1;23,9;28;23,1;1,25;80,1;136,7;109,4;55;54,4;27,3;27,3;0;4,6;195;119,3;75,7;125,4
11/03/2014 19:00;25,5;25,5;27;16,1;24,2;27,9;23,3;1,26;79,6;137,5;109,5;55;54,5;28;28;0;4,51;202;123,4;78,6;125,5
11/03/2014 20:00;25,6;25,6;26,9;16;24,1;28,1;23,4;1,25;80,1;136,7;109,4;55;54,4;27,2;27,2;0;4,61;201,2;122,8;78,4;125,4
11/03/2014 21:00;25,5;25,5;26,9;16,1;24;28,3;23,4;1,26;79,6;137,5;109,4;55;54,4;28,1;28,1;0;4,49;198,4;119,7;78,7;125,4
11/03/2014 22:00;25,5;25,5;26,9;16;24;28,5;23,3;1,25;80;136,7;109,4;55;54,4;27,3;27,2;0;4,6;197,9;120,3;77,6;125,4
11/03/2014 23:00;25,5;25,5;26,9;16;23,9;28,5;23,3;1,26;79,8;137,2;109,4;55;54,4;27,8;27,8;0;4,53;197,7;119,4;78,3;125,4
12/03/2014 00:00;25,4;25,4;26,9;16;23,9;28,5;23,2;1,25;80,2;136,5;109,4;55;54,4;27,1;27,1;0;4,63;196,3;115,9;80,4;125,4
12/03/2014 01:00;25,3;25,3;26,8;16;23,8;28,9;23;1,25;80,1;136,6;109,4;55;54,4;27,2;27,2;0;4,62;195,3;114,3;81;125,4
12/03/2014 02:00;25,3;25,3;26,8;16;23,8;29,4;23;1,25;80,1;136,6;109,4;55;54,4;27,2;27,2;0;4,62;194,1;114;80,1;125,4
12/03/2014 03:00;25,2;25,2;26,8;16;23,8;30;22,9;1,25;80;136,6;109,4;55;54,4;27,3;27,3;0;4,6;193,5;113,3;80,2;125,4
12/03/2014 04:00;25,2;25,2;26,8;16;23,8;30,3;23;1,25;80,2;136,4;109,4;55;54,4;27,1;27,1;0;4,63;194,7;113,1;81,6;125,4
12/03/2014 05:00;25,2;25,2;26,7;15,9;23,7;29,4;22,9;1,25;80,3;136,2;109,4;55;54,4;26,9;26,9;0;4,66;194,8;112,7;82,1;125,4
12/03/2014 06:00;25,1;25,1;26,6;15,9;23,6;29,6;22,9;1,25;80,3;136,3;109,4;55;54,4;26,9;26,9;0;4,66;193;111,1;81,9;125,4
12/03/2014 07:00;25,2;25,2;26,7;16;23,8;30,1;22,9;1,25;80,2;136,3;109,3;55;54,4;27;27;0;4,65;194,5;113,9;80,6;125,3
12/03/2014 08:00;25,4;25,4;26,9;16,1;23,9;31,2;23;1,26;79,4;137,8;109,4;55;54,4;28,5;28,5;0;4,45;194,5;118,3;76,2;125,4
12/03/2014 09:00;25,6;25,6;27;16,3;23;34,9;22,8;1,26;79,6;137,4;109,3;55;54,3;28,1;28,1;0;4,49;165,1;90,9;74,2;125,3
12/03/2014 10:00;25,9;25,9;27,3;17,1;23,1;35,4;23,2;1,28;78,2;140,1;109,3;54,9;54,4;30,7;30,7;0;4,17;148,1;76,4;71,7;125,3
12/03/2014 11:00;26,4;26,4;27,6;17,5;23,4;34,3;23,9;1,28;78,1;140,3;109,4;55;54,5;30,9;30,9;0;4,15;144,1;73,8;70,3;125,4
12/03/2014 12:00;26,9;26,9;27,8;17,8;23,5;33,2;24,5;1,3;76,9;142,6;109,5;55;54,5;33,1;33,1;0;3,87;140,3;71,2;69,1;125,5
12/03/2014 13:00;27,1;27,1;28;17,8;23,6;32,2;24,8;1,3;76,9;142,5;109,4;55;54,5;33;33;0;3,88;143,9;74,4;69,5;125,4
12/03/2014 14:00;27,1;27,1;28;17,7;23,6;31,9;24,9;1,29;77,4;141,6;109,4;55;54,5;32,2;32,2;0;3,99;147,1;77,6;69,5;125,4
12/03/2014 15:00;27,1;27,1;27,8;17,6;23,5;30,7;24,8;1,29;77,5;141,3;109,5;55;54,5;31,9;31,9;0;4,02;148,3;78,3;70;125,5
12/03/2014 16:00;27;27;27,7;17,4;23,5;32,1;24,6;1,29;77,7;141,2;109,5;55;54,5;31,8;31,8;0;4,09;152;82;70;125,5
12/03/2014 17:00;26,6;26,6;27,5;16,7;23,3;34,2;24,2;1,26;79,3;138;109,4;54,9;54,5;28,6;28,6;0;4,43;166,3;92,6;73,7;125,4
12/03/2014 18:00;25,9;25,9;27,2;15,9;23,1;33,4;23,4;1,25;80,2;136,3;109,3;54,9;54,4;27;27;0;4,64;180,6;105,7;74,9;125,3
12/03/2014 19:00;25,6;25,6;26,9;16;24,1;31,2;23,3;1,26;79,4;137,8;109,3;54,9;54,4;28,5;28,5;0;4,45;202,2;124,3;77,9;125,3
12/03/2014 20:00;25,6;25,6;26,9;15,9;24;31,4;23,4;1,25;80,2;136,1;109,2;54,9;54,3;26,9;26,9;0;4,65;201,4;122,7;78,7;125,2
12/03/2014 21:00;25,5;25,5;26,9;16;24;31,1;23,4;1,26;79,7;137;109,2;54,9;54,3;27,8;27,8;0;4,53;201,2;122,4;78,8;125,2
12/03/2014 22:00;25,5;25,5;26,8;15,9;23,9;30,6;23,3;1,25;80,1;136,4;109,3;54,9;54,4;27,1;27,1;0;4,62;200,7;121,2;79,5;125,3
12/03/2014 23:00;25,3;25,3;26,7;15,8;23,7;30,1;23,1;1,25;80,2;136,2;109,2;54,9;54,4;26,9;26,9;0;4,65;197,5;114,9;82,6;125,2
13/03/2014 00:00;25,1;25,1;26,6;15,8;23,7;29,4;22,9;1,25;80,3;136;109,2;54,9;54,4;26,8;26,8;0;4,68;196,6;113,1;83,5;125,2
13/03/2014 01:00;25;25;26,5;15,8;23,6;28,5;22,8;1,25;80,3;136;109,2;54,8;54,3;26,8;26,8;0;4,67;193,2;109,1;84,1;125,2
13/03/2014 02:00;25,1;25,1;26,6;16,1;23,7;26,7;22,9;1,25;80,2;136,1;109,2;54,9;54,3;26,9;26,9;0;4,65;188;101,5;86,5;125,2
13/03/2014 03:00;25,1;25,1;26,4;16,3;23,5;26,3;23;1,24;80,4;135,8;109,2;54,9;54,3;26,7;26,7;0;4,73;177,7;96;81,7;125,2
13/03/2014 04:00;25;25;26;16,8;23,3;25,9;23;1,23;81,1;134,5;109,1;54,8;54,3;25,4;25,4;0;4,92;161,3;133,8;27,5;125,1
13/03/2014 05:00;25;25;26;16,8;23,4;25;23;1,23;81,3;134,2;109,1;54,9;54,3;25,1;25,1;0;4,98;162,6;134,1;28,5;125,1
13/03/2014 06:00;25;25;26;16,9;23,4;24,9;23,1;1,23;81,3;134,2;109,2;54,9;54,3;25;25;0;5;162,1;134,8;27,3;125,2
13/03/2014 07:00;25,1;25,1;26,1;17;23,6;26,3;23,2;1,23;81,3;134,3;109,2;54,9;54,3;25,1;25,1;0;4,99;163,5;137,1;26,4;125,2
13/03/2014 08:00;25,4;25,4;26,3;17,1;23,8;29,7;23,3;1,23;81,1;134,6;109,2;54,9;54,3;25,4;25,4;0;4,92;166,7;144,1;22,6;125,2
13/03/2014 09:00;25,6;25,6;26,7;17,5;23,4;34,1;23,2;1,24;80,9;134,9;109,2;54,9;54,3;25,7;25,7;0;4,87;146,8;130,9;15,9;125,2
13/03/2014 10:00;25,9;25,9;27,1;18,1;23,2;34,4;23,6;1,27;78,8;138,9;109,4;55;54,4;29,5;29,5;0;4,35;125,1;77,9;47,2;125,4
13/03/2014 11:00;26,6;26,6;27,5;18,6;23,6;32,3;24,4;1,28;78,3;140,1;109,5;55,1;54,5;30,6;30,6;0;4,22;122,7;70,7;52;125,5
13/03/2014 12:00;27,2;27,2;27,9;18,7;23,8;29,2;25;1,3;77,3;142;109,6;55,1;54,5;32,4;32,4;0;3,99;126,2;74,3;51,9;125,6
13/03/2014 13:00;27,6;27,6;28;18,5;23,9;35,1;25,4;1,3;76,8;142,8;109,6;55,1;54,6;33,2;33,2;0;3,88;132,2;80,9;51,3;125,6
13/03/2014 14:00;27,5;27,5;27,9;18,4;23,8;35,7;25,3;1,27;78,8;139,2;109,6;55,1;54,5;29,6;29,6;0;4,35;134,3;78,8;55,5;125,6
13/03/2014 15:00;27,2;27,2;27,6;17,9;23,6;34,3;24,9;1,27;78,9;138,9;109,5;55;54,5;29,4;29,4;0;4,38;144,1;93,3;50,8;125,5
13/03/2014 16:00;26,7;26,7;27,5;17,7;23,5;33,8;24,3;1,25;80;136,9;109,5;55;54,4;27,5;27,5;0;4,63;145,9;102,2;43,7;125,5
13/03/2014 17:00;26,1;26,1;27,2;17,2;23,2;33,5;23,7;1,24;81;135,1;109,4;55;54,4;25,7;25,7;0;4,88;151,2;134,3;16,9;125,4
13/03/2014 18:00;25,6;25,6;26,8;17,1;23,4;33,2;23,2;1,24;80,9;135,1;109,3;55;54,3;25,7;25,8;0;4,87;157,1;142,3;14,8;125,3
13/03/2014 19:00;25,5;25,5;26,6;17,1;24,1;29,3;23,3;1,23;81;135;109,3;55;54,3;25,7;25,7;0;4,88;173,2;156,8;16,4;125,3
13/03/2014 20:00;25,6;25,6;26,7;17,1;24,4;28,9;23,5;1,24;80,9;135,1;109,3;55;54,4;25,8;25,8;0;4,87;183;162;21;125,3
13/03/2014 21:00;25,6;25,6;26,7;17,1;24,3;29,6;23,5;1,24;80,9;135,1;109,3;55;54,3;25,8;25,8;0;4,86;180,5;160,4;20,1;125,3
13/03/2014 22:00;25,4;25,4;26,5;16,9;24;29,4;23,4;1,23;81;134,8;109,3;55;54,3;25,5;25,5;0;4,9;177;155,9;21,1;125,3
13/03/2014 23:00;25,1;25,1;26,3;16,7;23,7;29,5;23,1;1,23;81,1;134,7;109,2;54,9;54,3;25,5;25,5;0;4,92;173,2;150,5;22,7;125,2
14/03/2014 00:00;24,9;24,9;26,1;16,7;23,5;28,8;23;1,23;81,3;134,5;109,3;54,9;54,3;25,2;25,2;0;4,97;169,5;146,7;22,8;125,3
14/03/2014 01:00;24,8;24,8;26;16,6;23,4;28,4;22,9;1,23;81,1;134,7;109,2;54,9;54,3;25,5;25,5;0;4,92;170,9;147;23,9;125,2
14/03/2014 02:00;24,9;24,9;26;16,9;23,5;26,8;23;1,23;81,2;134,6;109,3;55;54,3;25,3;25,3;0;4,96;164,2;138,3;25,9;125,3
14/03/2014 03:00;25,1;25,1;26,2;16,9;23,6;25,8;23,2;1,23;81,2;134,6;109,2;54,9;54,3;25,4;25,4;0;4,94;166,5;139,4;27,1;125,2
14/03/2014 04:00;25,2;25,2;26,3;17;23,7;25,1;23,3;1,23;81,3;134,3;109,2;54,9;54,3;25,1;25,1;0;5;168,7;140,4;28,3;125,2
14/03/2014 05:00;25,3;25,3;26,3;16,9;23,8;24,5;23,4;1,23;81,4;134,2;109,2;55;54,3;25;25;0;5,01;170,6;141,2;29,4;125,2
14/03/2014 06:00;25,3;25,3;26,3;16,9;23,8;24,6;23,4;1,23;81,3;134,4;109,2;55;54,3;25,2;25,2;0;4,98;171,1;142;29,1;125,2
14/03/2014 07:00;25,3;25,3;26,3;16,9;23,8;24,5;23,4;1,23;81,4;134,2;109,3;55;54,3;25;25;0;5,01;171,8;141,5;30,3;125,3
14/03/2014 08:00;25,4;25,4;26,3;17;23,9;25;23,5;1,23;81,4;134,2;109,2;55;54,3;25;25;0;5,02;170,6;143,8;26,8;125,2
14/03/2014 09:00;25,4;25,4;26,4;17;24;26,7;23,5;1,23;81,3;134,4;109,2;54,9;54,3;25,2;25,2;0;4,98;173,7;146;27,7;125,2
14/03/2014 10:00;25,5;25,5;26,5;17,2;24,2;28,9;23,6;1,23;81,2;134,6;109,2;54,9;54,3;25,3;25,3;0;4,94;174;148,4;25,6;125,2
14/03/2014 11:00;25,7;25,7;26,5;16,9;24,1;31,2;23,5;1,23;81,1;134,7;109,2;54,9;54,3;25,5;25,5;0;4,91;179;155,3;23,7;125,2
14/03/2014 12:00;25,6;25,6;26,5;17,2;24,1;33,1;23,4;1,24;80,8;135,1;109,2;54,9;54,3;25,9;25,9;0;4,83;172;153,5;18,5;125,2
14/03/2014 13:00;25,8;25,8;26,8;17,8;23,1;33,2;23,2;1,26;79,3;137,8;109,2;54,9;54,3;28,6;28,6;0;4,47;131;116,4;14,6;125,2
14/03/2014 14:00;26,2;26,2;27,1;18;23,3;32,4;23,5;1,26;79,3;138;109,3;55;54,3;28,7;28,7;0;4,46;131,3;85,4;45,9;125,3
14/03/2014 15:00;26,5;26,5;27,5;18,2;23,4;35,1;23,9;1,27;78,8;139,1;109,4;55;54,4;29,7;29,7;0;4,33;128,9;81,3;47,6;125,4
14/03/2014 16:00;26,7;26,7;27,6;18;23,5;36,5;24,1;1,29;78;140,5;109,4;55;54,5;31,1;31,1;0;4,14;135,3;88,7;46,6;125,4
14/03/2014 17:00;26,6;26,6;27,5;18;23,4;37,4;24;1,27;79;138,7;109,4;55;54,5;29,3;29,3;0;4,38;137,4;89,1;48,3;125,4
14/03/2014 18:00;26,6;26,6;27,5;18,2;23,5;26,9;24;1,27;78,8;139,1;109,4;54,9;54,5;29,7;29,7;0;4,33;131,4;84,9;46,5;125,4
14/03/2014 19:00;26,6;26,6;27,5;18;23,4;27,4;23,9;1,26;79,7;137,4;109,4;54,9;54,5;28;28;0;4,56;136,5;93,6;42,9;125,4
14/03/2014 20:00;26,4;26,4;27,3;17,7;23,4;29;23,7;1,26;79,3;138;109,4;54,9;54,4;28,7;28,7;0;4,46;139,5;88;51,5;125,4
14/03/2014 21:00;26,2;26,2;27,1;17,6;23,3;31,6;23,5;1,26;79,8;137,2;109,4;54,9;54,4;27,9;27,9;0;4,57;143;127;16;125,4
14/03/2014 22:00;25,7;25,7;26,7;17,2;23,2;33,4;23,1;1,24;80,9;135;109,2;54,9;54,4;25,8;25,8;0;4,86;151,7;136;15,7;125,2
14/03/2014 23:00;25,4;25,4;26,4;17,1;23,5;32,2;23;1,24;80,9;135;109,2;54,9;54,3;25,8;25,8;0;4,86;158,9;144,9;14;125,2
15/03/2014 00:00;25,5;25,5;26,5;17,2;24,1;31,2;23,2;1,24;80,9;135;109,2;54,9;54,3;25,7;25,7;0;4,87;171,7;156;15,7;125,2
15/03/2014 01:00;25,6;25,6;26,6;17,2;23,9;31,7;23,3;1,24;80,8;135,2;109,2;54,9;54,3;25,9;25,9;0;4,83;167,6;153,1;14,5;125,2
15/03/2014 02:00;25,6;25,6;26,5;17,2;23,3;33;23,1;1,24;80,8;135;109,2;54,9;54,3;25,9;25,9;0;4,84;151,1;138,6;12,5;125,2
15/03/2014 03:00;25,5;25,5;26,5;17,3;23,1;33,4;23;1,24;80,8;135,2;109,2;54,9;54,3;26;26;0;4,82;144,2;131,8;12,4;125,2
15/03/2014 04:00;25,5;25,5;26,5;17,4;23,1;32,7;23;1,24;80,9;135,1;109,2;54,9;54,3;25,9;25,9;0;4,84;143,7;131,7;12;125,2
15/03/2014 05:00;25,5;25,5;26,5;17,3;23,2;31,5;23;1,24;81;134,9;109,2;54,9;54,3;25,7;25,7;0;4,87;146,4;134,3;12,1;125,2
15/03/2014 06:00;25,5;25,5;26,5;17,3;23,3;31;23;1,24;80,9;134,9;109,2;54,9;54,3;25,7;25,7;0;4,87;151,3;138,7;12,6;125,2
15/03/2014 07:00;25,5;25,5;26,6;17,4;23,1;31,5;22,9;1,24;80,9;134,9;109,2;54,9;54,3;25,7;25,7;0;4,87;141,9;129,2;12,7;125,2
15/03/2014 08:00;25,5;25,5;26,6;17,4;23;31,6;22,8;1,24;80,5;135,8;109,2;54,9;54,3;26,6;26,6;0;4,76;139,1;124,5;14,6;125,2
15/03/2014 09:00;25,7;25,7;26,8;17,7;23,1;30,9;23;1,25;79,9;136,8;109,3;54,9;54,3;27,5;27,5;0;4,62;135;120,6;14,4;125,3
15/03/2014 10:00;26;26;27;17,8;23,3;29,8;23,3;1,25;80;136,8;109,3;55;54,3;27,5;27,5;0;4,63;135,6;87,9;47,7;125,3
15/03/2014 11:00;26,2;26,2;27,2;17,9;23,4;28,7;23,6;1,27;78,9;138,8;109,3;55;54,4;29,5;29,5;0;4,36;137,2;85,9;51,3;125,3
15/03/2014 12:00;26,4;26,4;27,5;17,8;23,5;27,8;23,8;1,29;77,9;140,7;109,4;55;54,5;31,3;31,3;0;4,11;141,4;76;65,4;125,4
15/03/2014 13:00;26,7;26,7;27,8;17,6;23,5;28,3;24;1,28;78,2;140,1;109,4;55;54,5;30,7;30,7;0;4,17;145,7;77,9;67,8;125,4
15/03/2014 14:00;26,8;26,8;28;17,7;23,5;28,4;24,2;1,3;77,2;141,9;109,4;54,9;54,5;32,4;32,4;0;3,96;145,3;77,2;68,1;125,4
15/03/2014 15:00;27;27;28,1;17,9;23,6;28,7;24,3;1,3;77,2;142;109,5;55;54,5;32,4;32,4;0;3,95;141,1;73,1;68;125,5
15/03/2014 16:00;27,3;27,3;28,3;17,9;23,7;29,1;24,7;1,31;76,5;143,5;109,6;55;54,5;33,9;33,9;0;3,78;141,9;74,4;67,5;125,6
15/03/2014 17:00;27,4;27,4;28,4;17,8;23,7;29,4;24,8;1,3;77;142,5;109,5;55;54,6;32,9;32,9;0;3,89;148,4;79,9;68,5;125,5
15/03/2014 18:00;27,1;27,1;28,2;17,3;23,6;28,6;24,5;1,27;78,8;139,1;109,5;55;54,5;29,6;29,6;0;4,31;158;88,6;69,4;125,5
15/03/2014 19:00;26,7;26,7;27,9;16,8;23,4;27,9;24;1,27;78,8;139;109,5;55;54,5;29,6;29,6;0;4,31;164,5;93,2;71,3;125,5
15/03/2014 20:00;26,3;26,3;27,5;16,6;23,2;29,2;23,6;1,28;78,3;139,8;109,4;54,9;54,4;30,4;30,4;0;4,19;166,5;94,2;72,3;125,4
15/03/2014 21:00;26;26;27,3;16,5;23,1;31,2;23,2;1,25;80;136,7;109,3;54,9;54,4;27,4;27,4;0;4,57;166,5;94;72,5;125,3
15/03/2014 22:00;25,8;25,8;27,2;16,4;23;32,5;23;1,26;79,6;137,4;109,3;54,9;54,4;28,1;28,1;0;4,5;167,1;94,5;72,6;125,3
15/03/2014 23:00;25,7;25,7;27,1;16,3;23;33,6;22,8;1,26;79,6;137,4;109,3;54,9;54,4;28,1;28,1;0;4,5;167,2;94,3;72,9;125,3
16/03/2014 00:00;25,6;25,6;27,1;16,3;23;34,3;22,8;1,26;79,3;137,9;109,3;54,9;54,4;28,6;28,7;-0,1;4,42;165,8;93,9;71,9;125,3
16/03/2014 01:00;25,6;25,6;27,1;16,3;23;34,8;22,7;1,26;79,2;138,1;109,3;54,9;54,4;28,8;28,8;0;4,4;166,1;94,3;71,8;125,3
16/03/2014 02:00;25,6;25,6;27,1;16,1;22,9;35,5;22,7;1,26;79,6;137,3;109,3;54,9;54,4;28;28;0;4,51;169,5;97,7;71,8;125,3
16/03/2014 03:00;25,4;25,4;27;16,1;23,1;35,2;22,5;1,25;80,1;136,5;109,3;54,9;54,4;27,2;27,2;0;4,6;174;103,6;70,4;125,3
16/03/2014 04:00;25,5;25,5;26,9;16,1;23,4;34,3;22,8;1,26;79,3;137,9;109,3;54,9;54,4;28,7;28,7;0;4,42;182,1;112,5;69,6;125,3
16/03/2014 05:00;25,5;25,5;26,9;16;24,1;32,1;23,1;1,26;79,8;137;109,3;54,9;54,4;27,7;27,7;0;4,55;198,9;126,1;72,8;125,3
16/03/2014 06:00;25,6;25,6;27;16,1;24,2;31,5;23,2;1,27;78,9;138,5;109,2;54,9;54,3;29,3;29,3;0;4,34;203,1;128,9;74,2;125,2
16/03/2014 07:00;25,7;25,7;27;16;23,4;33,2;23,2;1,25;80,2;136,2;109,2;54,9;54,3;27;27;0;4,64;184,2;112,7;71,5;125,2
16/03/2014 08:00;25,7;25,7;27;16,4;22,9;34,4;22,8;1,26;79,7;137,1;109,2;54,9;54,3;27,9;27,9;0;4,52;163,6;91,9;71,7;125,2
16/03/2014 09:00;25,9;25,9;27,2;16,9;23,1;32,8;23,1;1,28;78,3;139,7;109,3;54,9;54,4;30,4;30,4;0;4,21;153,9;83,9;70;125,3
16/03/2014 10:00;26,4;26,4;27,7;17,5;23,3;31,1;23,7;1,29;77,4;141,6;109,4;55;54,5;32,2;32,2;0;3,98;144,8;76,7;68,1;125,4
16/03/2014 11:00;26,9;26,9;28,1;18,1;23,6;28,8;24,2;1,3;76,8;142,7;109,5;55;54,5;33,2;33,2;0;3,86;135,3;67,6;67,7;125,5
16/03/2014 12:00;27,6;27,6;28,5;18,4;23,8;28,1;25;1,33;75,1;146,2;109,6;55;54,6;36,5;36,5;0;3,51;133,7;63,4;70,3;125,6
16/03/2014 13:00;27,8;27,8;28,6;18,4;23,8;28,2;25,3;1,35;74,5;147,4;109,7;55;54,6;37,7;37,7;0;3,39;134,8;65,1;69,7;125,7
16/03/2014 14:00;27,8;27,8;28,6;18,3;23,8;30,6;25,4;1,34;75;146,5;109,7;55;54,6;36,8;36,8;0;3,54;137,2;64,5;72,7;125,7
16/03/2014 15:00;27,9;27,9;28,6;18,4;23,8;32;25,5;1,33;75,4;145,8;109,6;55;54,6;36,1;36,1;0;3,58;134,8;65,1;69,7;125,6
16/03/2014 16:00;27,9;27,9;28,6;18,1;23,8;33,5;25,5;1,32;75,7;145;109,7;55;54,6;35,4;35,4;0;3,6;142;72,1;69,9;125,7
16/03/2014 17:00;27,9;27,9;28,6;18;23,8;33,9;25,4;1,31;76,6;143,4;109,7;55;54,6;33,8;33,8;0;3,8;147;78,4;68,6;125,7
16/03/2014 18:00;27,5;27,5;28,4;17,6;23,7;34,9;25;1,3;77;142,5;109,6;55;54,5;33;33;0;3,89;153,8;85,1;68,7;125,6
16/03/2014 19:00;27,1;27,1;28,2;17,3;23,6;35,9;24,5;1,3;76,9;142,5;109,5;55;54,5;33,1;33,1;0;3,88;157;89,1;67,9;125,5
16/03/2014 20:00;26,8;26,8;28;17;23,4;36,6;24,2;1,28;78,2;140;109,4;54,9;54,5;29,9;29,9;0;4,28;160;91,1;68,9;125,4
16/03/2014 21:00;26,5;26,5;27,7;16,8;23,3;36,8;23,9;1,27;78,7;139,1;109,4;54,9;54,5;29,7;29,7;0;4,29;162,5;92,5;70;125,4
16/03/2014 22:00;26,3;26,3;27,5;16,6;23,2;36,8;23,6;1,27;78,7;139;109,4;54,9;54,4;29,7;29,7;0;4,3;165,1;94,5;70,6;125,4
16/03/2014 23:00;26;26;27,4;16,5;23,1;36,9;23,3;1,27;78,8;138,9;109,3;54,9;54,4;29,6;29,6;0;4,31;165,1;94,7;70,4;125,3
17/03/2014 00:00;25,9;25,9;27,3;16,4;23,1;36,4;23,1;1,26;79,7;138;109,3;54,9;54,4;28,7;28,7;0;4,42;165,5;94,5;71;125,3
17/03/2014 01:00;25,8;25,8;27,2;16,4;23;35;22,9;1,26;79,2;138,1;109,3;54,9;54,4;28,8;28,8;0;4,41;165,1;93,9;71,2;125,3
17/03/2014 02:00;25,7;25,7;27,2;16,2;22,9;34,6;22,8;1,25;80;136,6;109,3;54,9;54,4;27,3;27,3;0;4,59;167,6;96;71,6;125,3
17/03/2014 03:00;25,5;25,5;27;16,1;22,8;33,8;22,6;1,25;80,1;136,3;109,2;54,9;54,4;27,1;27,1;0;4,62;168,8;97,8;71;125,2
17/03/2014 04:00;25,4;25,4;27;16,2;22,9;34;22,6;1,26;79,6;137,2;109,2;54,8;54,4;28;28;0;4,49;167,5;97,9;69,6;125,2
17/03/2014 05:00;25,5;25,5;26,9;16;23,2;33,3;22,8;1,26;79,7;137;109,2;54,9;54,3;27,8;27,8;0;4,53;179,8;110,6;69,2;125,2
17/03/2014 06:00;25,6;25,6;26,9;16,1;23,3;32,3;23;1,25;79,8;136,9;109,2;54,9;54,3;27,7;27,7;0;4,56;180,6;110,8;69,8;125,2
17/03/2014 07:00;25,6;25,6;26,9;16,1;23,1;33,2;23;1,26;79,7;137;109,1;54,9;54,3;27,8;27,8;0;4,53;174,3;104,7;69,6;125,1
17/03/2014 08:00;25,6;25,6;27;16,3;22,9;32,9;22,8;1,26;79,7;137;109,2;54,9;54,3;27,9;27,9;0;4,53;164,7;94,2;70,5;125,2
17/03/2014 09:00;25,7;25,7;27,1;16,7;23;31,3;22,8;1,27;78,8;138,7;109,2;54,9;54,3;29,5;29,5;0;4,31;157,8;86,5;71,3;125,2
17/03/2014 10:00;26,1;26,1;27,3;17,1;23,2;30,1;23,2;1,28;78,3;139,7;109,3;54,9;54,4;30,4;30,4;0;4,2;151,4;81,7;69,7;125,3
17/03/2014 11:00;26,7;26,7;27,4;17,4;23,4;29,9;23,9;1,29;78;140,5;109,4;55;54,5;31,1;31,1;0;4,13;148,8;79,9;68,9;125,4
17/03/2014 12:00;27;27;27,5;17,5;23,4;29,2;24,1;1,29;77,9;140,8;109,5;55;54,5;31,3;31,3;0;4,09;148,4;79,8;68,6;125,5
17/03/2014 13:00;27,1;27,1;27,7;17,6;23,5;28,7;24,3;1,28;78,3;139,9;109,5;55;54,5;30,5;30,5;0;4,2;148,2;79,6;68,6;125,5
17/03/2014 14:00;27,2;27,2;27,7;17,6;23,5;28,7;24,3;1,29;77,4;141,5;109,5;55;54,5;32,1;32,1;0;4;146,7;78;68,7;125,5
17/03/2014 15:00;27,3;27,3;27,9;17,7;23,7;28,2;24,7;1,29;77,5;141,5;109,5;55;54,5;32;32;0;4,01;147,7;79,4;68,3;125,5
17/03/2014 16:00;27,2;27,2;27,8;17,4;23,6;28,6;24,6;1,28;78,1;140,5;109,5;55;54,5;31;31;0;4,15;154,3;85,5;68,8;125,5
17/03/2014 17:00;27;27;27,7;17,2;23,5;29,4;24,3;1,29;78;140,6;109,5;55;54,5;31,1;31,1;0;4,12;158;88,3;69,7;125,5
17/03/2014 18:00;26,7;26,7;27,5;16,9;23,4;29,9;24;1,28;78,4;139,7;109,5;55;54,5;30,3;30,3;0;4,23;162,9;91,6;71,3;125,5
17/03/2014 19:00;26,4;26,4;27,4;16,6;23,3;30,6;23,6;1,26;79,2;138,2;109,4;55;54,4;28,8;28,8;0;4,41;166,5;94,2;72,3;125,4
17/03/2014 20:00;26,1;26,1;27,3;16,5;23,1;31,3;23,2;1,27;78,8;138,9;109,4;55;54,4;29,5;29,5;0;4,32;167,1;94,2;72,9;125,4
17/03/2014 21:00;26;26;27,3;16,5;23,1;32;23;1,26;79,2;138,1;109,3;54,9;54,4;28,7;28,7;0;4,41;165,2;92,2;73;125,3
17/03/2014 22:00;25,9;25,9;27,3;16,4;23,1;32,9;22,9;1,26;79,3;138;109,3;54,9;54,4;28,7;28,7;0;4,42;167,5;94,6;72,9;125,3
17/03/2014 23:00;25,8;25,8;27,2;16,2;23;33,6;22,7;1,25;80,1;136,5;109,3;54,9;54,4;27,2;27,2;0;4,61;168,6;95,7;72,9;125,3
18/03/2014 00:00;25,7;25,7;27,1;16,2;23;33,5;22,6;1,25;80,2;136,3;109,3;55;54,4;27;27;0;4,64;170,9;98,7;72,2;125,3
18/03/2014 01:00;25,7;25,7;26,9;16,1;23,2;32,8;22,7;1,26;79,8;137,1;109,3;54,9;54,4;27,8;27,8;0;4,53;177,7;107,5;70,2;125,3
18/03/2014 02:00;25,7;25,7;26,9;16,1;23,4;32,4;22,9;1,25;80,1;136,4;109,3;54,9;54,4;27,1;27,1;0;4,62;182,1;111,9;70,2;125,3
18/03/2014 03:00;25,7;25,7;26,9;16;23,7;31,5;23,1;1,26;79,7;137;109,3;54,9;54,3;27,8;27,8;0;4,54;192,5;121;71,5;125,3
18/03/2014 04:00;25,8;25,8;26,9;16,1;24,1;30,5;23,2;1,25;80,2;136,4;109,3;54,9;54,4;27,1;27,1;0;4,63;199,6;126,2;73,4;125,3
18/03/2014 05:00;25,9;25,9;27;16;24;29,5;23,3;1,26;79,3;137,8;109,3;54,9;54,4;28,6;28,6;0;4,44;198,6;126;72,6;125,3
18/03/2014 06:00;25,9;25,9;26,9;16,1;24,1;29,4;23,3;1,26;79,3;137,9;109,3;54,9;54,4;28,6;28,6;0;4,44;199,2;125,4;73,8;125,3
18/03/2014 07:00;25,9;25,9;27;16;23,5;31;23,2;1,26;79,7;137,1;109,3;54,9;54,4;27,8;27,8;0;4,53;185,9;114,3;71,6;125,3
18/03/2014 08:00;25,8;25,8;27,1;16,2;22,9;32,1;22,9;1,25;79,9;136,9;109,3;54,9;54,4;27,6;26,8;0,8;4,68;167,1;94,4;72,7;125,3
18/03/2014 09:00;25,8;25,8;27;16,9;22,8;32,7;22,8;1,24;80,8;135,2;109,2;54,9;54,3;26;26;0;4,83;147,3;131,7;15,6;125,2
18/03/2014 10:00;25,8;25,8;26,8;17,5;23;31,4;22,8;1,26;79,9;136,9;109,3;54,9;54,3;27,6;27,6;0;4,61;135,9;121,2;14,7;125,3
18/03/2014 11:00;26,1;26,1;26,9;17,8;23,1;29,5;23,3;1,29;78;140,5;109,4;55;54,4;31,1;31,1;0;4,14;130,2;83,2;47;125,4
18/03/2014 12:00;26,6;26,6;27,2;18,2;23,4;30;23,9;1,28;78,4;135,7;106,3;51,8;54,4;29,5;29,5;0;4,25;128,8;79,5;49,3;122,3
18/03/2014 13:00;26,7;26,7;27,2;18,1;23,5;30,2;24;1,27;78,9;134,8;106,2;51,8;54,4;28,6;28,6;0;4,37;133,6;89;44,6;122,2
18/03/2014 14:00;26,5;26,5;27,1;18;23,4;31,2;23,9;1,28;78,4;135,7;106,2;51,8;54,4;29,5;29,5;0;4,25;135,3;92,8;42,5;122,2
18/03/2014 15:00;26,4;26,4;27,1;17,8;23,3;33,3;23,8;1,26;79,5;134;106,5;52,1;54,4;27,6;27,6;0;4,52;136,4;82,4;54;122,5
18/03/2014 16:00;26,5;26,5;27,2;18,1;23,4;31,3;24;1,27;78,6;135,8;106,6;52,1;54,4;29,2;29,2;0;4,3;132,5;86,7;45,8;122,6
18/03/2014 17:00;26,5;26,5;27,2;18;23,4;29,4;24;1,27;78,9;135,2;106,6;52,1;54,5;28,6;28,6;0;4,38;135,9;84,9;51;122,6
18/03/2014 18:00;26,3;26,3;27,1;17,9;23,3;29,4;23,9;1,26;79,4;134,3;106,6;52,2;54,4;27,7;27,7;0;4,49;136,9;122,3;14,6;122,6
18/03/2014 19:00;26,2;26,2;27;17,8;23,3;29,8;23,7;1,25;79,9;133,4;106,6;52,1;54,4;26,9;26,9;0;4,6;138;94,9;43,1;122,6
18/03/2014 20:00;26;26;26,9;17,7;23,2;31;23,4;1,25;79,9;133,4;106,5;52,1;54,4;26,9;26,9;0;4,59;140,5;124,8;15,7;122,5
18/03/2014 21:00;25,8;25,8;26,8;17,4;23;32;23;1,24;80,4;132,5;106,5;52,1;54,4;26;26;0;4,71;140;124,5;15,5;122,5
18/03/2014 22:00;25,6;25,6;26,6;17,3;22,9;32,5;22,8;1,24;80,4;132,4;106,4;52,1;54,4;25,9;25,9;0;4,72;139,8;124,5;15,3;122,4
18/03/2014 23:00;25,3;25,3;26,4;17,1;22,7;33,1;22,5;1,24;80,4;132,3;106,4;52,1;54,3;25,9;25,9;0;4,73;139,5;124,2;15,3;122,4
19/03/2014 00:00;25,1;25,1;26,2;16,9;22,6;33,4;22,3;1,24;80,5;132,2;106,3;52;54,3;25,8;25,8;0;4,74;139,9;126;13,9;122,3
19/03/2014 01:00;25;25;26,1;17;22,9;32,3;22,4;1,24;80,4;132,3;106,4;52,1;54,3;25,9;25,9;0;4,73;146,2;134;12,2;122,4
19/03/2014 02:00;25,1;25,1;26,1;16,9;23,1;31,2;22,5;1,24;80,5;132,2;106,4;52,1;54,3;25,9;25,9;0;4,73;153,4;140,8;12,6;122,4
19/03/2014 03:00;25,1;25,1;26,1;17;23,4;30,2;22,7;1,24;80,4;132,2;106,4;52;54,3;25,9;25,9;0;4,73;160,6;147;13,6;122,4
19/03/2014 04:00;25,3;25,3;26,3;17,2;23,8;29,3;22,9;1,24;80,4;132,3;106,4;52;54,3;25,9;25,9;0;4,72;164,8;151,1;13,7;122,4
19/03/2014 05:00;25,4;25,4;26,4;17,2;23,9;29,2;23;1,24;80,5;132,1;106,4;52;54,3;25,7;25,7;0;4,76;167,4;153,1;14,3;122,4
19/03/2014 06:00;25,5;25,5;26,4;17,2;23,7;29,4;23;1,24;80,5;132,1;106,4;52,1;54,3;25,7;25,7;0;4,76;163;148,6;14,4;122,4
19/03/2014 07:00;25,4;25,4;26,4;17,2;22,8;29,8;22,6;1,24;80,6;132;106,4;52,1;54,3;25,6;25,6;0;4,78;140,3;125,7;14,6;122,4
19/03/2014 08:00;25,2;25,2;26,4;17,3;22,7;29,3;22,4;1,24;80,4;132,3;106,4;52,1;54,3;25,9;25,9;0;4,73;133,7;119,1;14,6;122,4
19/03/2014 09:00;25,5;25,5;26,6;17,9;23;27,4;22,8;1,25;80;133,2;106,4;52,1;54,4;26,8;26,8;0;4,62;126,6;112,5;14,1;122,4
19/03/2014 10:00;26,1;26,1;27;18,2;23,2;26,4;23,4;1,27;78,9;135,1;106,5;52,1;54,4;28,6;28,7;0;4,36;125,2;73;52,2;122,5
19/03/2014 11:00;26,5;26,5;27,2;18,2;23,4;26,2;23,8;1,28;78;136,9;106,6;52,1;54,4;30,3;30,3;0;4,15;128,4;86,9;41,5;122,6
19/03/2014 12:00;26,6;26,6;27,3;18,2;23,6;27,2;24;1,27;78,9;135,2;106,6;52,1;54,5;28,7;28,7;0;4,37;131,6;85,9;45,7;122,6
19/03/2014 13:00;26,8;26,8;27,5;18,5;23,6;27,2;24,2;1,29;77,8;137,2;106,6;52,2;54,5;30,6;30,6;0;4,12;127,7;77,3;50,4;122,6
19/03/2014 14:00;27;27;27,6;18,5;23,7;26,9;24,5;1,3;77,3;138,2;106,7;52,2;54,5;31,5;31,5;0;4,01;129,3;75,1;54,2;122,7
19/03/2014 15:00;27,1;27,1;27,8;18,5;23,8;26,8;24,8;1,29;77,3;138,2;106,7;52,2;54,5;31,5;31,5;0;4,01;132,5;79,8;52,7;122,7
19/03/2014 16:00;27;27;27,6;18,4;23,8;26,5;24,6;1,28;78;137;106,7;52,2;54,5;30,3;30,3;0;4,16;135,8;83,7;52,1;122,7
19/03/2014 17:00;26,9;26,9;27,5;17,7;23,6;31,8;24,3;1,27;79;135,1;106,6;52,2;54,5;28,5;29,3;-0,8;4,28;146,1;92,7;53,4;122,6
19/03/2014 18:00;26,2;26,2;26,9;17,5;23,2;37,4;23,6;1,24;80,4;132,4;106,6;52,2;54,4;25,9;25,9;0;4,73;143,7;126,4;17,3;122,6
19/03/2014 19:00;25,8;25,8;26,6;17,3;23;37,2;23,1;1,24;80,4;132,4;106,5;52,1;54,4;25,9;25,9;0;4,73;141,7;125;16,7;122,5
19/03/2014 20:00;25,3;25,3;26,2;17;22,7;36,3;22,6;1,24;80,4;132,4;106,4;52,1;54,3;26;26;0;4,71;143,6;128,5;15,1;122,4
19/03/2014 21:00;25,1;25,1;25,9;16,9;23,3;33,7;22,7;1,24;80,5;132,1;106,4;52,1;54,3;25,7;25,7;0;4,76;158,4;144,3;14,1;122,4
19/03/2014 22:00;25,2;25,2;26,1;17,1;24,2;31,3;23;1,24;80,5;132,2;106,5;52,1;54,3;25,7;25,7;0;4,76;176,9;157,2;19,7;122,5
19/03/2014 23:00;25,3;25,3;26,2;17,1;24,3;30,1;23,2;1,24;80,7;131,9;106,4;52,1;54,3;25,5;25,5;0;4,79;181;159,9;21,1;122,4
20/03/2014 00:00;25,4;25,4;26,2;17;24,1;29,1;23,2;1,24;80,7;131,9;106,4;52,1;54,3;25,5;25,5;0;4,79;177,3;157,3;20;122,4
20/03/2014 01:00;25,3;25,3;26;16,9;23,9;29,1;23,1;1,24;80,6;132;106,4;52,1;54,3;25,6;25,6;0;4,78;175;154,4;20,6;122,4
20/03/2014 02:00;25;25;25,8;16,7;23,6;30,1;22,8;1,24;80,5;132;106,3;52,1;54,3;25,7;25,7;0;4,77;169,7;147,9;21,8;122,3
20/03/2014 03:00;24,9;24,9;25,7;16,7;23,6;31,8;22,7;1,24;80,5;132;106,3;52,1;54,3;25,7;25,7;0;4,76;169,8;149,4;20,4;122,3
20/03/2014 04:00;25;25;25,9;16,9;23,9;32,2;22,9;1,24;80,6;132;106,4;52,1;54,3;25,6;25,6;0;4,78;174,9;154,4;20,5;122,4
20/03/2014 05:00;25,3;25,3;26,1;17,1;24,3;32,2;23,1;1,24;80,7;131,8;106,4;52,1;54,3;25,5;25,5;0;4,8;181,3;159,6;21,7;122,4
20/03/2014 06:00;25,5;25,5;26,3;17,1;24,4;32,4;23,2;1,24;80,8;131,7;106,4;52,1;54,3;25,4;25,4;0;4,83;181,4;161,2;20,2;122,4
20/03/2014 07:00;25,6;25,6;26,4;17,2;23,5;35,1;23,2;1,24;80,7;131,9;106,4;52,1;54,3;25,5;25,5;0;4,8;157,6;141,3;16,3;122,4
20/03/2014 08:00;25,6;25,6;26,5;17,6;22,9;37,5;23;1,24;80,5;132,1;106,4;52,1;54,3;25,8;25,8;0;4,76;132,7;116,9;15,8;122,4
20/03/2014 09:00;26;26;27;18,1;23,2;37,3;23,5;1,27;79;135;106,5;52,1;54,4;28,5;28,5;0;4,38;126,5;112,9;13,6;122,5
20/03/2014 10:00;26,6;26,6;27,4;18,3;23,5;36,6;24,1;1,28;77,9;137,1;106,6;52,2;54,4;30,5;30,5;0;4,14;126,9;79,1;47,8;122,6
20/03/2014 11:00;27;27;27,7;18,5;23,7;35,9;24,7;1,3;77,3;138,1;106,6;52,1;54,5;31,5;31,5;0;4,01;126,5;69;57,5;122,6
20/03/2014 12:00;27,4;27,4;28;18,7;23,8;34;25,2;1,31;76,3;139,6;106,4;51,8;54,5;33,3;33,3;0;3,78;127,7;69,9;57,8;122,4
20/03/2014 13:00;27,6;27,6;28,2;18,7;23,9;33,5;25,5;1,32;76,2;139,8;106,4;51,9;54,6;33,4;33,4;0;3,77;130,3;73;57,3;122,4
20/03/2014 14:00;27,6;27,6;28,2;18,6;23,9;34,2;25,5;1,31;76,7;138,8;106,3;51,8;54,5;32,5;32,5;0;3,88;133,6;77,4;56,2;122,3
20/03/2014 15:00;27,3;27,3;27,9;18,1;23,8;33,7;25,1;1,33;75,6;141,8;106,3;51,9;54,5;35,5;35,5;0;3,79;142,7;90,8;51,9;122,3
20/03/2014 16:00;26,9;26,9;27,5;17,9;23,5;32,3;24,5;1,28;78;136,4;106,2;51,8;54,4;30,2;30,2;0;4,17;142,1;96,1;46;122,2
20/03/2014 17:00;26,4;26,4;27,2;17,6;23,3;32,3;24;1,26;79,6;133,5;106,2;51,8;54,4;27,3;27,3;0;4,54;144,4;129,3;15,1;122,2
20/03/2014 18:00;26,1;26,1;27,1;17,5;23,1;32,5;23,6;1,26;79,4;133,8;106,2;51,8;54,4;27,7;27,7;0;4,48;140,8;125,9;14,9;122,2
20/03/2014 19:00;25,9;25,9;27;17,6;23;33,2;23,3;1,25;79,9;132,9;106,1;51,8;54,4;26,8;26,8;0;4,59;135,1;120,3;14,8;122,1
20/03/2014 20:00;25,8;25,8;27;17,7;23;34,8;23,3;1,26;79,3;134;106,1;51,8;54,4;27,9;27,9;0;4,45;133,9;119;14,9;122,1
20/03/2014 21:00;25,8;25,8;27,2;16,7;23;36,7;23,2;1,27;78,7;135,1;106,2;51,8;54,4;28,9;28,9;0;4,28;156,7;81;75,7;122,2
20/03/2014 22:00;25,8;25,8;27,3;16,2;23;39,5;23;1,26;79,2;134;106,1;51,8;54,4;27,9;27,9;0;4,41;168,6;95,4;73,2;122,1
20/03/2014 23:00;25,6;25,6;27,2;16,2;22,9;39,6;22,8;1,26;79,6;133,4;106,1;51,7;54,4;27,2;27,2;0;4,49;168,2;94,6;73,6;122,1
21/03/2014 00:00;25,5;25,5;27,1;16,1;23,4;35,1;22,7;1,25;79,7;133,2;106,1;51,7;54,4;27,1;27,1;0;4,51;182,1;109,8;72,3;122,1
21/03/2014 01:00;25,5;25,5;27,1;16,1;23,9;32,7;23;1,25;79,7;133,1;106,1;51,8;54,4;27;27;0;4,52;193,4;120,4;73;122,1
21/03/2014 02:00;25,6;25,6;27,1;16,1;24,3;31,5;23,2;1,26;79,3;133,9;106,2;51,8;54,4;27,7;27,7;0;4,44;202,6;128;74,6;122,2
21/03/2014 03:00;25,6;25,6;27,1;16,1;24,3;31,3;23,2;1,25;79,8;133,1;106,1;51,7;54,4;26,9;26,9;0;4,53;204;127,9;76,1;122,1
21/03/2014 04:00;25,6;25,6;27,1;16,1;24,4;31,2;23,3;1,26;79,3;133,9;106,2;51,8;54,4;27,8;27,8;0;4,43;205,2;128,8;76,4;122,2
21/03/2014 05:00;25,6;25,6;27,1;16,1;24,4;31,1;23,3;1,26;79,4;133,7;106,1;51,7;54,4;27,6;27,6;0;4,46;206,6;130;76,6;122,1
21/03/2014 06:00;25,6;25,6;27,1;16,1;24,4;30,7;23,3;1,26;79,5;133,6;106,2;51,8;54,4;27,5;27,5;0;4,48;207,3;130;77,3;122,2
21/03/2014 07:00;25,7;25,7;27,1;16;24,4;29,1;23,4;1,27;79;134,5;106,2;51,8;54,4;28,3;28,3;0;4,38;208,3;129,6;78,7;122,2
21/03/2014 08:00;25,6;25,6;27,1;16,1;24,4;25,1;23,4;1,26;79,4;133,7;106,2;51,8;54,4;27,6;27,6;0;4,47;208,5;127,9;80,6;122,2
21/03/2014 09:00;25,7;25,7;27,1;16;24,3;24,4;23,4;1,27;79;134,6;106,1;51,8;54,4;28,4;28,4;0;4,35;204,7;125,9;78,8;122,1
21/03/2014 10:00;25,8;25,8;27,3;16,3;23,5;24,9;23,2;1,25;79,7;133,2;106,1;51,7;54,4;27,1;27,1;0;4,51;180,7;106,1;74,6;122,1
21/03/2014 11:00;25,9;25,9;27,4;16,7;23;21,5;23;1,26;79,3;134;106,2;51,8;54,4;27,8;27,8;0;4,42;157,8;84,1;73,7;122,2
21/03/2014 12:00;26;26;27,4;17;23,1;21,1;23,2;1,28;78,4;135,6;106,2;51,8;54,4;29,4;29,4;0;4,22;150,2;77,2;73;122,2
21/03/2014 13:00;26,2;26,2;27,5;17,1;23,2;21,2;23,4;1,28;78,2;135,7;106,1;51,7;54,4;29,6;29,6;0;4,2;151,6;78,8;72,8;122,1
21/03/2014 14:00;26,2;26,2;27,5;17,2;23,2;21,6;23,5;1,27;78,8;134,8;106,1;51,8;54,4;28,7;28,7;0;4,32;148,6;76,6;72;122,1
21/03/2014 15:00;26,3;26,3;27,6;17,1;23,2;22,2;23,6;1,28;78,4;135,6;106,1;51,8;54,4;29,4;29,4;0;4,22;154,2;80,9;73,3;122,1
21/03/2014 16:00;26,2;26,2;27,4;17;23,2;23,1;23,5;1,29;77,9;136,2;106,1;51,7;54,3;30,2;30,2;0;4,13;155,4;82,1;73,3;122,1
21/03/2014 17:00;26,1;26,1;27,4;16,6;23,1;23,1;23,3;1,26;79,3;133,7;106,1;51,7;54,3;27,7;27,6;0;4,44;162,9;88,1;74,8;122,1
21/03/2014 18:00;25,7;25,7;27,2;16,1;23;25,1;22,8;1,26;79,2;133,9;106;51,7;54,3;27,9;27,9;0;4,41;171,5;96,4;75,1;122
21/03/2014 19:00;25,4;25,4;27;16,2;23,9;25;22,9;1,26;79,3;133,7;106;51,7;54,3;27,7;27,7;0;4,43;191,6;113,9;77,7;122
21/03/2014 20:00;25,5;25,5;27;16,2;24,2;25,9;23,2;1,27;78,8;134,5;105,9;51,7;54,2;28,5;28,5;0;4,33;200,5;120,6;79,9;121,9
21/03/2014 21:00;25,5;25,5;27;16,2;24,3;26,5;23,2;1,27;78,9;134,4;105,9;51,7;54,2;28,5;28,5;0;4,33;202,2;121,3;80,9;121,9
21/03/2014 22:00;25,6;25,6;27;16,1;24,2;27,2;23,3;1,26;79,3;133,7;105,9;51,7;54,2;27,7;27,7;0;4,43;201,6;121,8;79,8;121,9
21/03/2014 23:00;25,6;25,6;27;16,1;24,3;26,8;23,3;1,26;79,3;133,7;105,9;51,7;54,2;27,7;27,7;0;4,43;203,2;124;79,2;121,9
22/03/2014 00:00;25,6;25,6;27,1;16,1;24,2;26,7;23,3;1,26;79,3;133,7;105,9;51,7;54,2;27,8;27,8;0;4,43;201,7;123,9;77,8;121,9
22/03/2014 01:00;25,6;25,6;27,1;16,2;24,3;27,5;23,3;1,26;79,3;133,6;105,9;51,7;54,2;27,7;27,7;0;4,44;202,4;123,9;78,5;121,9
22/03/2014 02:00;25,6;25,6;27,1;16,1;24,3;27,4;23,3;1,25;79,8;132,7;105,9;51,7;54,2;26,7;26,7;0;4,56;204,2;126,1;78,1;121,9
22/03/2014 03:00;25,5;25,5;26,9;15,9;23,7;28,2;23,1;1,25;79,8;132,8;105,9;51,7;54,2;26,9;26,9;0;4,54;195,9;115,3;80,6;121,9
22/03/2014 04:00;25,3;25,3;26,9;15,9;23,7;28,1;22,9;1,25;79,9;132,6;105,9;51,7;54,2;26,7;26,7;0;4,56;193,2;111,4;81,8;121,9
22/03/2014 05:00;25,2;25,2;26,8;15,9;23,7;27,5;22,8;1,25;79,9;132,6;105,9;51,7;54,2;26,7;26,7;0;4,56;193,8;111,3;82,5;121,9
22/03/2014 06:00;25,2;25,2;26,7;15,9;23,6;26,8;22,8;1,25;80;132,4;105,9;51,7;54,2;26,5;26,5;0;4,6;193,5;110,9;82,6;121,9
22/03/2014 07:00;25,2;25,2;26,8;16;23,7;25,7;22,8;1,25;80;132,5;106;51,7;54,2;26,6;26,6;0;4,59;193,2;112,4;80,8;122
22/03/2014 08:00;25,4;25,4;26,9;16,1;24;25,6;23,1;1,27;79;134,3;106;51,7;54,2;28,3;28,3;0;4,37;196,8;117,5;79,3;122
22/03/2014 09:00;25,6;25,6;27;16,1;23,9;24,7;23,1;1,26;79,5;133,4;105,9;51,7;54,2;27,4;27,4;0;4,48;192,9;116,6;76,3;121,9
22/03/2014 10:00;25,7;25,7;27,1;16,2;22,9;23,7;22,9;1,26;79,3;133,6;106;51,7;54,2;27,7;27,7;0;4,44;167,8;94;73,8;122
22/03/2014 11:00;25,5;25,5;27,1;16,3;22,9;21,8;22,7;1,25;79,7;132,9;105,9;51,7;54,2;27;27;0;4,52;165,7;91,9;73,8;121,9
22/03/2014 12:00;25,6;25,6;27,1;16,4;22,9;21,3;22,7;1,26;79,2;133,7;105,9;51,7;54,2;27,8;27,8;0;4,42;161,2;87,3;73,9;121,9
22/03/2014 13:00;25,5;25,5;27,1;16,3;23,4;20,1;22,7;1,25;79,7;133;106;51,7;54,2;27;27;0;4,52;177;100,1;76,9;122
22/03/2014 14:00;25,5;25,5;27,1;16,2;23;23,3;22,7;1,26;79,3;133,7;105,9;51,7;54,2;27,8;27,8;0;4,41;168,4;94,2;74,2;121,9
22/03/2014 15:00;25,6;25,6;27,2;16,5;22,9;20,5;22,7;1,25;79,7;133;106;51,7;54,2;27,1;27,1;0;4,51;158;83,7;74,3;122
22/03/2014 16:00;25,6;25,6;27,2;17,3;23,2;17,5;22,8;1,28;78,1;135,8;106;51,7;54,3;29,8;29,8;0;4,17;147,3;72,7;74,6;122
22/03/2014 17:00;26,9;26,9;28,2;19,2;23,8;17,4;24,7;1,37;73,5;145,9;106,3;51,9;54,5;39,6;39,6;0;3,43;110,5;25,8;84,7;122,3
22/03/2014 18:00;28;28;28,7;20;23,8;19,1;25,3;1,49;67,3;159,1;106,5;51,9;54,7;52,5;52,5;0;2,47;96;-12,6;108,6;122,5
22/03/2014 19:00;26,9;26,9;27,9;16,3;24,3;22,1;24,5;1,27;78,9;134,6;106,2;51,8;54,3;27,7;27,7;0;4,45;202,4;116,7;85,7;122,2
22/03/2014 20:00;25,9;25,9;27,2;16;24,3;23;23,8;1,27;78,9;134,6;106,1;51,7;54,3;28,5;28,5;0;4,34;206,1;124,8;81,3;122,1
22/03/2014 21:00;25,6;25,6;27;16;23,9;24,2;23,3;1,25;79,8;132,9;106;51,7;54,3;26,9;26,9;0;4,54;196,3;113;83,3;122
22/03/2014 22:00;25,3;25,3;26,9;16;23,7;24,8;23;1,25;79,9;132,7;106;51,7;54,2;26,7;26,7;0;4,56;192,4;108,4;84;122
22/03/2014 23:00;25,1;25,1;26,7;15,9;23,6;24,8;22,8;1,25;79,9;132,6;105,9;51,7;54,3;26,7;26,7;0;4,57;190;106,5;83,5;121,9
23/03/2014 00:00;25;25;26,6;15,9;23,4;24,5;22,7;1,25;79,9;132,6;106;51,7;54,3;26,6;26,6;0;4,59;188,8;104,6;84,2;122
23/03/2014 01:00;24,9;24,9;26,5;16;23,4;24,3;22,7;1,25;80;132,4;106;51,7;54,3;26,5;26,5;0;4,61;185,6;100,5;85,1;122
23/03/2014 02:00;25,2;25,2;26,7;16,2;23,6;23,9;22,9;1,25;79,9;132,6;106;51,8;54,2;26,6;26,6;0;4,58;184;97,6;86,4;122
23/03/2014 03:00;25,3;25,3;26,8;16,2;23,6;23,4;23;1,25;80;132,5;106;51,7;54,2;26,5;26,5;0;4,61;185;97,9;87,1;122
23/03/2014 04:00;25,1;25,1;26,3;16,8;23,3;24,5;22,9;1,24;80,7;131,3;105,9;51,7;54,2;25,4;25,4;0;4,81;160,5;134,5;26;121,9
23/03/2014 05:00;25;25;26,1;16,8;23,2;23,4;22,8;1,24;80,9;131;106;51,8;54,2;25,1;25,1;0;4,87;158,8;130,1;28,7;122
23/03/2014 06:00;24,9;24,9;26;16,9;23,2;23;22,8;1,24;80,8;131;105,9;51,7;54,2;25,1;25,1;0;4,86;157,3;129,9;27,4;121,9
23/03/2014 07:00;24,9;24,9;26;16,9;23,3;23,1;22,9;1,24;80,9;131;105,9;51,7;54,2;25,1;25,1;0;4,86;159;132,4;26,6;121,9
23/03/2014 08:00;25,1;25,1;26,2;17;23,6;23,2;23;1,24;80,7;131,3;105,9;51,8;54,2;25,4;25,4;0;4,81;163;140,1;22,9;121,9
23/03/2014 09:00;25,2;25,2;26,3;17;24;22,6;23,1;1,24;80,6;131,4;105,9;51,7;54,2;25,5;25,5;0;4,79;174,2;153,4;20,8;121,9
23/03/2014 10:00;25,3;25,3;26,5;17,2;24,3;22,7;23,1;1,24;80,6;131,5;106;51,8;54,2;25,6;25,6;0;4,77;176,6;156,5;20,1;122
23/03/2014 11:00;25,3;25,3;26,5;17,1;24,2;23,7;23,2;1,24;80,6;131,5;105,9;51,7;54,2;25,6;25,6;0;4,77;176,7;155,3;21,4;121,9
23/03/2014 12:00;25,4;25,4;26,5;17,1;24;24;23,1;1,24;80,5;131,6;106;51,8;54,2;25,7;25,7;0;4,76;170,8;151,3;19,5;122
23/03/2014 13:00;25,4;25,4;26,5;17,2;23,3;23;22,9;1,24;80,4;131,7;105,9;51,8;54,2;25,7;25,7;0;4,74;151,7;136,5;15,2;121,9
23/03/2014 14:00;25,3;25,3;26,5;17,2;22,9;23,4;22,7;1,24;80,4;131,7;105,9;51,7;54,2;25,8;25,8;0;4,73;141,4;126,2;15,2;121,9
23/03/2014 15:00;25,2;25,2;26,4;17,1;22,8;22,6;22,6;1,24;80,5;131,7;105,9;51,7;54,2;25,8;25,8;0;4,73;140,9;126,6;14,3;121,9
23/03/2014 16:00;25,2;25,2;26,4;17;23,1;23,6;22,7;1,24;80,5;131,5;105,9;51,7;54,2;25,6;25,6;0;4,76;150,4;135,2;15,2;121,9
23/03/2014 17:00;25,1;25,1;26,3;16,9;23,8;24,1;22,9;1,24;80,6;131,4;105,9;51,7;54,2;25,5;25,5;0;4,79;170,6;149,2;21,4;121,9
23/03/2014 18:00;24,9;24,9;26;16,7;23,3;24,5;22,6;1,24;80,6;131,4;105,9;51,7;54,2;25,5;25,5;0;4,78;165,6;142,5;23,1;121,9
23/03/2014 19:00;24,6;24,6;25,8;16,5;23,1;24,7;22,5;1,24;80,6;131,4;105,9;51,7;54,2;25,5;25,5;0;4,78;163,8;138,8;25;121,9
23/03/2014 20:00;24,5;24,5;25,6;16,8;23;25,8;22,4;1,24;80,7;131,2;105,9;51,7;54,2;25,3;25,3;0;4,82;154,8;131,4;23,4;121,9
23/03/2014 21:00;24,7;24,7;25,8;16,9;23,1;25,7;22,6;1,24;80,7;131,2;105,9;51,7;54,2;25,4;25,4;0;4,81;154,5;128,7;25,8;121,9
23/03/2014 22:00;24,8;24,8;25,9;16,9;23,1;25,4;22,7;1,24;80,8;131,1;105,9;51,7;54,2;25,2;25,2;0;4,85;155,7;130;25,7;121,9
23/03/2014 23:00;24,8;24,8;25,8;16,8;23;24,7;22,7;1,24;80,8;131;105,9;51,7;54,2;25,2;25,2;0;4,83;155,2;128,1;27,1;121,9
24/03/2014 00:00;24,8;24,8;25,8;16,8;23;24,6;22,7;1,24;80,9;130,9;105,9;51,8;54,2;25;25;0;4,87;155;127,1;27,9;121,9
24/03/2014 01:00;24,8;24,8;25,8;16,7;22,9;24,2;22,7;1,24;80,9;130,9;105,9;51,7;54,2;25,1;25,1;0;4,86;154,8;127,1;27,7;121,9
24/03/2014 02:00;24,8;24,8;25,8;17,1;23;23,6;22,7;1,24;80,9;130,9;105,9;51,7;54,2;25;25;0;4,88;147,1;119,5;27,6;121,9
24/03/2014 03:00;25;25;26;17,2;23,1;23,1;22,8;1,24;80,8;131;105,9;51,7;54,2;25,1;25,1;0;4,85;147,2;119,2;28;121,9
24/03/2014 04:00;25;25;26;17,1;23,1;22,4;22,8;1,24;80,9;131;105,9;51,7;54,2;25,1;25,1;0;4,87;149,2;120;29,2;121,9
24/03/2014 05:00;25;25;26;17,1;23;22,1;22,8;1,24;81;130,8;105,9;51,7;54,2;24,9;24,9;0;4,89;149,2;119,3;29,9;121,9
24/03/2014 06:00;25;25;26;17,1;23,1;22,2;22,8;1,23;81;130,7;105,9;51,8;54,2;24,8;24,8;0;4,92;149,4;120,6;28,8;121,9
24/03/2014 07:00;25,1;25,1;26,1;17,3;23,4;23,6;23;1,24;81;130,9;106;51,8;54,2;25;25;0;4,89;152;124;28;122
24/03/2014 08:00;25,2;25,2;26,3;17,3;23,8;25,2;23,2;1,24;80,7;131,4;106;51,7;54,2;25,4;25,4;0;4,8;162,1;137,8;24,3;122
24/03/2014 09:00;25,4;25,4;26,5;17,1;24,1;22,3;23,1;1,24;80,6;131,5;105,9;51,7;54,2;25,6;25,6;0;4,77;173,8;154,9;18,9;121,9
24/03/2014 10:00;25,4;25,4;26,4;17,1;23,2;19,9;22,8;1,24;80,5;131,6;106;51,7;54,3;25,6;25,6;0;4,75;151,6;135,5;16,1;122
24/03/2014 11:00;25,2;25,2;26,4;17,2;22,7;19,7;22,4;1,24;80,6;131,6;106;51,7;54,3;25,6;25,6;0;4,77;137,6;122,2;15,4;122
24/03/2014 12:00;25,2;25,2;26,4;17,1;22,6;22,3;22,4;1,24;80,5;131,6;106;51,7;54,3;25,6;25,6;0;4,76;137,7;121,7;16;122
24/03/2014 13:00;25;25;26,3;17,2;22,5;23,3;22,2;1,24;80,4;131,8;106;51,7;54,3;25,8;25,8;0;4,72;133,6;117,8;15,8;122
24/03/2014 14:00;25,1;25,1;26,3;17,2;22,6;22,2;22,2;1,24;80,4;131,8;106;51,7;54,3;25,8;25,8;0;4,74;135,5;119,6;15,9;122
24/03/2014 15:00;25;25;26,3;17;22,5;21,6;22,2;1,24;80,5;131,6;106;51,7;54,3;25,6;25,6;0;4,76;137,6;122;15,6;122
24/03/2014 16:00;24,9;24,9;26,2;16,9;22,8;22,9;22,2;1,24;80,7;131,3;105,9;51,7;54,3;25,3;25,3;0;4,81;145,1;130,4;14,7;121,9
24/03/2014 17:00;25,1;25,1;26,2;17;23,7;23,8;22,7;1,24;80,7;131,4;106;51,7;54,3;25,4;25,4;0;4,81;166,7;147,9;18,8;122
24/03/2014 18:00;25;25;26,1;16,8;23,7;24,2;22,8;1,24;80,7;131,3;105,9;51,7;54,3;25,4;25,4;0;4,81;171,5;148,8;22,7;121,9
24/03/2014 19:00;24,7;24,7;25,8;16,6;23,3;25;22,6;1,24;80,5;131,6;106;51,7;54,3;25,6;25,6;0;4,77;166;143,4;22,6;122
24/03/2014 20:00;24,6;24,6;25,6;16,6;23,2;25,6;22,4;1,24;80,5;131,7;105,9;51,7;54,3;25,7;25,7;0;4,74;164,9;142,5;22,4;121,9
24/03/2014 21:00;24,5;24,5;25,6;16,6;23,2;25,6;22,4;1,24;80,6;131,4;106;51,7;54,3;25,4;25,4;0;4,8;165,6;142,6;23;122
24/03/2014 22:00;24,6;24,6;25,7;16,6;23,3;25,7;22,4;1,24;80,6;131,6;106;51,7;54,3;25,6;25,6;0;4,77;166,2;143,9;22,3;122
24/03/2014 23:00;24,6;24,6;25,7;16,7;23,4;26,8;22,5;1,24;80,7;131,4;106;51,7;54,3;25,4;25,4;0;4,8;167,4;146;21,4;122
25/03/2014 00:00;24,8;24,8;25,9;16,8;23,6;27,4;22,7;1,24;80,6;131,5;106;51,7;54,3;25,5;25,5;0;4,79;169,9;149,4;20,5;122
25/03/2014 01:00;25;25;26;16,9;23,8;26,7;22,9;1,24;80,6;131,5;106;51,7;54,3;25,4;25,4;0;4,8;172,7;152,5;20,2;122
25/03/2014 02:00;25,1;25,1;26,1;16,9;23,8;26,1;22,9;1,24;80,5;131,6;106;51,7;54,3;25,6;25,6;0;4,76;172,7;152,3;20,4;122
25/03/2014 03:00;25;25;26,1;16,8;23,8;25;22,9;1,24;80,6;131,4;105,9;51,7;54,2;25,5;25,5;0;4,79;172,5;151,3;21,2;121,9
25/03/2014 04:00;24,9;24,9;26;16,8;23,6;24,8;22,7;1,24;80,7;131,4;106;51,7;54,3;25,4;25,4;0;4,8;170,7;149,7;21;122
25/03/2014 05:00;25;25;26,1;16,9;24;25,1;22,9;1,24;80,7;131,3;106;51,7;54,3;25,3;25,3;0;4,82;175,8;154,9;20,9;122
25/03/2014 06:00;25,2;25,2;26,3;16,5;24,1;25,9;23,1;1,25;80,1;132,3;106;51,7;54,3;26,3;26,3;0;4,65;189;93,3;95,7;122
25/03/2014 07:00;25,5;25,5;26,9;16,2;24,4;26;23,1;1,26;79,6;133,3;106,1;51,7;54,3;27,4;27,4;0;4,5;204,7;125,2;79,5;122,1
25/03/2014 08:00;25,7;25,7;27,1;16,2;24,2;26,7;23,1;1,26;79,4;133,6;106,1;51,7;54,3;27,6;27,6;0;4,46;198,7;122;76,7;122,1
25/03/2014 09:00;25,8;25,8;27;16,4;23,1;28,3;22,9;1,25;79,7;133;106,1;51,7;54,3;27;27;0;4,53;167,5;91,6;75,9;122,1
25/03/2014 10:00;25,9;25,9;27,2;16,7;23,2;27,6;22,9;1,27;78,9;134,5;106;51,7;54,3;28,5;28,5;0;4,33;161,7;86,1;75,6;122
25/03/2014 11:00;26;26;27,3;16,8;23,3;27,9;23;1,28;78,6;134;105,3;51,7;53,6;28,7;28,7;0;4,28;161,6;85,9;75,7;121,3
25/03/2014 12:00;26,1;26,1;27,3;16,8;23,3;28;23,2;1,27;79,1;133,2;105,4;51,7;53,6;27,8;27,8;0;4,39;162,9;87,3;75,6;121,4
25/03/2014 13:00;26,1;26,1;27,3;16,8;23,3;27,6;23,1;1,27;78,6;134,1;105,4;51,8;53,6;28,7;28,7;0;4,28;162,9;87;75,9;121,4
25/03/2014 14:00;26,1;26,1;27,4;16,8;23,4;26,3;23,3;1,27;78,6;133,8;105,1;51,7;53,5;28,7;28,7;0;4,27;163,1;87,1;76;121,1
25/03/2014 15:00;26;26;27,5;16,8;23,3;24,1;23,3;1,27;78,6;133,6;105;51,4;53,6;28,6;28,6;0;4,28;161,5;86,2;75,3;121
25/03/2014 16:00;25,9;25,9;27,4;16,5;23,2;22,8;23,2;1,26;79,5;132;105;51,4;53,6;27;27;0;4,47;168,3;91,7;76,6;121
25/03/2014 17:00;25,6;25,6;27,1;16,1;23,3;23;22,8;1,26;79,7;131,7;105;51,4;53,6;26,7;26,7;0;4,52;178,4;102,6;75,8;121
25/03/2014 18:00;25,5;25,5;27;16,2;24,1;24,2;23,1;1,26;79,7;131,7;105;51,4;53,6;26,8;26,8;0;4,52;198,1;117,9;80,2;121
25/03/2014 19:00;25,6;25,6;27,1;16,2;24,2;25,1;23,3;1,26;79,6;131,9;105;51,4;53,6;26,9;26,9;0;4,5;200,9;119,8;81,1;121
25/03/2014 20:00;25,5;25,5;27;16;23,9;25,5;23,2;1,26;79,6;131,8;104,9;51,4;53,5;26,9;26,9;0;4,49;196,5;115,2;81,3;120,9
25/03/2014 21:00;25,3;25,3;26,7;15,9;23,6;26,8;22,9;1,26;79,6;131,8;104,9;51,4;53,5;26,9;26,9;0;4,49;192;110,1;81,9;120,9
25/03/2014 22:00;25,1;25,1;26,6;15,7;23,4;27,6;22,7;1,26;79,6;131,7;104,8;51,3;53,5;26,9;26,9;0;4,5;190,3;107,7;82,6;120,8
25/03/2014 23:00;24,9;24,9;26,4;15,6;23,2;27,5;22,6;1,25;79,7;131,5;104,8;51,3;53,5;26,6;26,6;0;4,54;189,6;105,6;84;120,8
26/03/2014 00:00;24,9;24,9;26,4;15,9;23,1;26,7;22,7;1,26;79,8;131,3;104,8;51,4;53,4;26,6;26,6;0;4,55;178,9;93,8;85,1;120,8
26/03/2014 01:00;25,1;25,1;26,5;16;23,2;25,8;22,9;1,25;79,8;131,3;104,8;51,4;53,4;26,5;26,5;0;4,55;179,1;94,2;84,9;120,8
26/03/2014 02:00;25,1;25,1;26,5;16,2;23,2;25,1;22,9;1,25;79,8;131,4;104,9;51,4;53,5;26,5;26,5;0;4,57;174,8;88,9;85,9;120,9
26/03/2014 03:00;25,3;25,3;26,7;16,4;23,4;24,3;23,1;1,25;79,8;131,4;104,9;51,4;53,5;26,5;26,5;0;4,56;173,3;85,4;87,9;120,9
26/03/2014 04:00;25,4;25,4;26,8;16,5;23,5;24;23,2;1,25;79,7;131,5;104,9;51,4;53,5;26,7;26,7;0;4,54;174,7;86,3;88,4;120,9
26/03/2014 05:00;25,5;25,5;26,9;16,6;23,6;23,6;23,2;1,25;79,8;131,4;104,9;51,4;53,5;26,5;26,5;0;4,56;174,1;86,2;87,9;120,9
26/03/2014 06:00;25,5;25,5;26,9;16,6;23,6;23,6;23,3;1,24;80,6;139;112,7;51,4;61,3;26,3;26,3;0;4,89;176,4;87,8;88,6;128,7
26/03/2014 07:00;25,6;25,6;26,9;16,4;23,7;24,6;23,4;1,26;79,4;132,1;104,9;51,4;53,5;27,2;27,2;0;4,47;180,2;93,4;86,8;120,9
26/03/2014 08:00;25,6;25,6;27,1;16,4;24;25,4;23,4;1,25;79,7;131,4;104,8;51,4;53,3;26,7;26,7;0;4,53;191,9;107,5;84,4;120,8
26/03/2014 09:00;25,7;25,7;27,2;16,3;24,1;25,7;23,4;1,26;79,3;132,4;104,9;51,5;53,5;27,4;27,4;0;4,44;196,4;111,5;84,9;120,9
26/03/2014 10:00;25,5;25,5;27;16,1;23,9;26,5;23,4;1,26;79,4;132,1;104,9;51,4;53,5;27,2;27,2;0;4,48;193,1;110,1;83;120,9
26/03/2014 11:00;25,5;25,5;26,9;16,1;23,9;27,2;23,3;1,25;79,8;131,4;104,9;51,4;53,4;26,5;26,5;0;4,56;195,2;112,5;82,7;120,9
26/03/2014 12:00;25,4;25,4;27;16,1;23,8;27,5;23,3;1,25;79,8;131,4;104,8;51,4;53,5;26,5;26,5;0;4,55;191,1;108,9;82,2;120,8
26/03/2014 13:00;25,5;25,5;27;16;24;26,2;23,2;1,25;79,7;131,6;104,9;51,4;53,5;26,7;26,7;0;4,53;198,8;117;81,8;120,9
26/03/2014 14:00;25,5;25,5;27;16,1;24;25,6;23,2;1,25;79,8;131,4;104,8;51,3;53,5;26,6;26,6;0;4,55;196,2;114,3;81,9;120,8
26/03/2014 15:00;25,4;25,4;26,8;16,1;23,7;26,5;23,3;1,27;78,9;132,9;104,8;51,4;53,4;28,1;28,1;0;4,35;189,6;104;85,6;120,8
26/03/2014 16:00;25,4;25,4;26,9;16;23,7;26,3;23,3;1,26;79,6;131,8;104,9;51,5;53,5;26,8;26,8;0;4,51;192,4;111,3;81,1;120,9
26/03/2014 17:00;25,4;25,4;27;16;23,9;23,8;23,3;1,26;79,7;131,7;104,9;51,5;53,5;26,8;26,8;0;4,52;196,9;115,9;81;120,9
26/03/2014 18:00;25,2;25,2;26,7;15,9;23,6;24,2;23,1;1,25;79,8;131,5;104,9;51,5;53,5;26,6;26,6;0;4,56;191,9;108,6;83,3;120,9
26/03/2014 19:00;24,9;24,9;26,5;15,8;23,3;25,2;22,8;1,25;79,8;131,5;105;51,4;53,5;26,5;26,5;0;4,56;185,3;101,8;83,5;121
26/03/2014 20:00;25;25;26,5;16,1;23,2;25,1;22,9;1,25;79,9;131,3;105;51,5;53,5;26,4;26,4;0;4,59;178,8;94;84,8;121
26/03/2014 21:00;25,1;25,1;26,6;16;23,3;25,4;23;1,25;79,8;131,5;104,9;51,5;53,5;26,5;26,5;0;4,56;181,1;95,7;85,4;120,9
26/03/2014 22:00;25,1;25,1;26,6;16;23,2;25,4;23;1,25;79,9;131,4;104,9;51,5;53,5;26,5;26,5;0;4,57;180,1;94,8;85,3;120,9
26/03/2014 23:00;25,1;25,1;26,6;16;23,3;25,4;23;1,25;79,9;131,3;104,9;51,4;53,5;26,4;26,4;0;4,59;181,1;95,9;85,2;120,9
27/03/2014 00:00;25,2;25,2;26,6;16,1;23,4;25,5;23,1;1,25;80;131,2;105;51,5;53,5;26,2;26,2;0;4,61;181,9;96,9;85;121
27/03/2014 01:00;25,2;25,2;26,6;16,1;23,4;24,8;23,1;1,25;79,9;131,4;105;51,5;53,5;26,5;26,5;0;4,58;182,2;96,6;85,6;121
27/03/2014 02:00;25,2;25,2;26,6;16,1;23,4;24,8;23,1;1,25;79,9;131,4;104,9;51,5;53,5;26,5;26,5;0;4,57;182,4;96,7;85,7;120,9
27/03/2014 03:00;25,2;25,2;26,6;16,1;23,3;24,5;23,1;1,25;79,9;131,4;104,9;51,5;53,5;26,4;26,4;0;4,58;180,9;94,9;86;120,9
27/03/2014 04:00;25,1;25,1;26,6;16;23,3;24,9;23;1,25;79,8;131,4;105;51,5;53,5;26,5;26,5;0;4,57;180,3;94,8;85,5;121
27/03/2014 05:00;25,2;25,2;26,6;16;23,3;25,4;23;1,25;79,7;129,7;103,4;49,9;53,5;26,3;26,3;0;4,54;182;130,4;51,6;119,4
27/03/2014 06:00;25,1;25,1;26,5;16,1;23,3;25,3;23;1,25;79,7;129,6;103,4;49,9;53,5;26,3;26,3;0;4,55;179,9;148,4;31,5;119,4
27/03/2014 07:00;25,1;25,1;26,6;16,1;23,3;25,4;23;1,25;79,8;129,6;103,3;49,9;53,5;26,2;26,2;0;4,55;180,7;149,2;31,5;119,3
27/03/2014 08:00;25,3;25,3;26,8;16,1;23,7;27,9;23,1;1,26;79,6;129,8;103,4;49,9;53,5;26,5;26,5;0;4,52;188,5;159,9;28,6;119,4
27/03/2014 09:00;25,5;25,5;27,1;16,2;23,5;30,5;23,1;1,26;79,4;130,1;103,3;49,9;53,5;26,8;26,8;0;4,46;181,1;158,5;22,6;119,3
27/03/2014 10:00;25,5;25,5;27,1;16,6;23;30,3;23;1,26;79,2;130,5;103,3;49,8;53,5;27,1;27,1;0;4,44;159,4;135,7;23,7;119,3
27/03/2014 11:00;25,3;25,3;26,6;17,6;22,8;29,4;23;1,25;80,1;129;103,4;49,8;53,5;25,6;25,6;0;4,65;130,5;115,1;15,4;119,4
27/03/2014 12:00;25,5;25,5;26,7;17,7;23,1;28,3;23,2;1,25;80,2;128,9;103,4;49,8;53,5;25,5;25,5;0;4,68;134,1;118,7;15,4;119,4
27/03/2014 13:00;25,5;25,5;26,7;17,4;23,1;28,7;23,2;1,25;80,2;128,9;103,4;49,9;53,5;25,5;25,5;0;4,68;142,3;125,6;16,7;119,4
27/03/2014 14:00;25,1;25,1;26,4;17;22,9;29,8;22,9;1,25;80,3;128,8;103,3;49,8;53,5;25,5;25,5;0;4,69;146;130,7;15,3;119,3
27/03/2014 15:00;24,9;24,9;26,3;16,9;23,2;28,9;22,9;1,25;80,3;128,7;103,3;49,8;53,5;25,4;25,4;0;4,7;155,7;141,4;14,3;119,3
27/03/2014 16:00;25;25;26,3;17,1;24;26,9;23;1,24;80,4;128,6;103,4;49,9;53,6;25,2;25,2;0;4,74;173,6;157;16,6;119,4
27/03/2014 17:00;25,1;25,1;26,3;17,1;24,1;26,5;23,1;1,24;80,4;128,7;103,5;49,9;53,6;25,2;25,2;0;4,74;176;157,3;18,7;119,5
27/03/2014 18:00;25,1;25,1;26,1;16,8;23,7;27,8;23;1,24;80,5;128,5;103,4;49,8;53,6;25,2;25,1;0;4,76;170,2;149,4;20,8;119,4
27/03/2014 19:00;24,7;24,7;25,8;16,7;23,2;28,7;22,7;1,24;81;127,7;103,4;49,8;53,5;24,4;24,4;0;5,02;165;143,5;21,5;119,4
27/03/2014 20:00;24,6;24,6;25,8;16,6;23,2;28,8;22,6;1,25;80,4;128,5;103,3;49,8;53,5;25,3;25,3;0;4,72;163;140,6;22,4;119,3
27/03/2014 21:00;24,5;24,5;25,7;16,6;23,1;28,8;22,5;1,23;81;127,5;103,3;49,8;53,5;25,2;25,2;0;4,75;161,5;138;23,5;119,3
27/03/2014 22:00;24,5;24,5;25,7;16,9;23;28,6;22,5;1,24;80,4;128,5;103,3;49,8;53,5;25,3;25,3;0;4,72;152,5;129;23,5;119,3
27/03/2014 23:00;24,7;24,7;25,7;16,8;23;28,2;22,7;1,24;80,5;128,4;103,3;49,8;53,5;25,1;25;0;4,77;153,3;129;24,3;119,3
28/03/2014 00:00;24,7;24,7;25,7;16,8;23;28,2;22,7;1,24;80,6;128,3;103,3;49,8;53,5;25;25;0;4,78;154;128,7;25,3;119,3
28/03/2014 01:00;24,7;24,7;25,6;16,8;23;28,3;22,7;1,24;80,5;128,3;103,3;49,9;53,5;25;25;0;4,77;154,2;129,1;25,1;119,3
28/03/2014 02:00;24,7;24,7;25,7;16,8;22,9;28,6;22,7;1,24;80,4;128,5;103,3;49,8;53,5;25,2;25,2;0;4,74;153,7;128,6;25,1;119,3
28/03/2014 03:00;24,7;24,7;25,7;16,9;23;28,6;22,7;1,23;81;127,6;103,3;49,9;53,5;24,3;24,3;-0,1;5,02;153,2;128,4;24,8;119,3
28/03/2014 04:00;24,8;24,8;25,8;16,8;23,1;28,4;22,8;1,24;80,5;128,3;103,3;49,9;53,5;25;25;0;4,77;154,7;129,4;25,3;119,3
28/03/2014 05:00;24,7;24,7;25,7;16,8;23;28,4;22,8;1,24;80,5;128,3;103,3;49,8;53,5;25;25;0;4,77;154,1;129,1;25;119,3
28/03/2014 06:00;24,7;24,7;25,7;16,8;23;29;22,8;1,24;80,5;128,3;103,3;49,9;53,5;25;25;0;4,78;153,5;129,6;23,9;119,3
28/03/2014 07:00;24,8;24,8;25,8;16,8;23,2;30,5;22,8;1,24;80,5;128,4;103,3;49,9;53,5;25,2;25,2;0;4,73;157,3;134,7;22,6;119,3
28/03/2014 08:00;24,9;24,9;25,9;16,9;23,1;35,8;22,8;1,25;80,2;128,8;103,3;49,9;53,5;25,5;25,5;0;4,69;155,3;138,6;16,7;119,3
28/03/2014 09:00;25,1;25,1;26,2;17,3;22,7;36,1;22,7;1,25;80,2;128,9;103,4;49,9;53,5;25,5;25,5;0;4,68;132,7;117,2;15,5;119,4
28/03/2014 10:00;25,6;25,6;26,6;18;23,1;32,9;23;1,25;80,2;129,1;103,5;49,9;53,6;25,7;25,7;0;4,66;127,6;112,6;15;119,5
28/03/2014 11:00;26;26;27;18,1;23,3;30,3;23,5;1,27;78,8;131,7;103,7;50;53,7;28;28;0;4,36;128,8;114,9;13,9;119,7
28/03/2014 12:00;26,3;26,3;27,1;18,3;23,5;29,2;23,8;1,27;79,2;131;103,7;50;53,7;27,4;27,3;0;4,45;129;115,6;13,4;119,7
28/03/2014 13:00;26,5;26,5;27,4;18,4;23,6;28,8;24,1;1,27;78,8;131,8;103,7;50;53,7;28,1;28,1;0;4,34;128;97,8;30,2;119,7
28/03/2014 14:00;26,6;26,6;27,5;18,3;23,7;27,5;24,2;1,28;78,2;132,8;103,8;50,1;53,7;29,1;29,1;0;4,23;131,8;105,5;26,3;119,8
28/03/2014 15:00;26,6;26,6;27,5;18,3;23,7;27,5;24,3;1,29;77,9;133,4;103,7;50,1;53,7;29,7;29,7;0;4,14;134,8;108,6;26,2;119,7
28/03/2014 16:00;26,4;26,4;27,4;17,7;23,6;31,7;24,1;1,25;80,2;129,3;103,7;50,1;53,6;25,6;26,4;-0,8;4,57;147,3;130,4;16,9;119,7
28/03/2014 17:00;25,7;25,7;26,8;17;23,1;33,1;23,4;1,25;80,3;129,4;103,9;50,3;53,6;25,5;25,5;0;4,7;152,8;137,1;15,7;119,9
28/03/2014 18:00;25,2;25,2;26,4;17;23,7;32,9;23,2;1,24;80,3;129,2;103,8;50,3;53,5;25,4;25,4;0;4,72;167,1;151,5;15,6;119,8
28/03/2014 19:00;25,1;25,1;26,3;17;23,9;32,3;23,3;1,24;80,3;129,3;103,8;50,3;53,5;25,5;25,5;0;4,7;172,9;155;17,9;119,8
28/03/2014 20:00;25,1;25,1;26,3;17;23,9;32,3;23,3;1,25;80,3;129,3;103,8;50,2;53,5;25,5;25,5;0;4,69;172,4;153,9;18,5;119,8
28/03/2014 21:00;25;25;26,2;16,9;23,7;32,5;23,3;1,25;80,3;129,2;103,8;50,3;53,5;25,5;25,5;0;4,7;169,4;151,4;18;119,8
28/03/2014 22:00;25;25;26,1;16,8;23,5;32,4;23,2;1,24;80,4;129;103,7;50,3;53,5;25,3;25,3;0;4,73;167,6;149;18,6;119,7
28/03/2014 23:00;24,9;24,9;26,1;16,7;23,4;32,4;23,1;1,23;81;128,2;103,8;50,2;53,5;24,4;24,4;0;5,02;165,5;146,3;19,2;119,8
29/03/2014 00:00;24,9;24,9;26,3;15,8;23,3;31,3;22,9;1,26;79,6;130,4;103,8;50,3;53,6;26,6;26,6;0;4,5;186,5;159,9;26,6;119,8
29/03/2014 01:00;24,9;24,9;26,5;15,8;23,5;31,1;22,9;1,26;79,5;130,5;103,8;50,2;53,6;26,7;26,7;0;4,48;190,7;165,7;25;119,8
29/03/2014 02:00;25,1;25,1;26,7;15,9;23,6;30,7;23;1,26;79,5;130,6;103,8;50,2;53,6;26,8;26,7;0;4,48;192,5;168,1;24,4;119,8
29/03/2014 03:00;25;25;26,6;15,7;23,4;30,9;22,9;1,26;79,6;130,4;103,8;50,3;53,6;26,6;26,6;0;4,51;191,7;165,4;26,3;119,8
29/03/2014 04:00;24,9;24,9;26,5;15,7;23,4;30,8;22,8;1,26;79,7;130,3;103,8;50,3;53,6;26,5;26,4;0,1;4,54;190,7;164,2;26,5;119,8
29/03/2014 05:00;24,8;24,8;26,5;15,7;23,3;31,4;22,7;1,26;79,7;130,2;103,8;50,3;53,6;26,4;26,4;0;4,54;191;164,9;26,1;119,8
29/03/2014 06:00;24,8;24,8;26,4;15,7;23,3;31,8;22,7;1,26;79,7;130,3;103,8;50,3;53,6;26,4;26,4;0;4,53;190,8;164,4;26,4;119,8
29/03/2014 07:00;25;25;26,7;15,9;23,8;32,4;22,9;1,25;79,7;130,3;103,8;50,3;53,6;26,5;26,5;0;4,52;196,8;172,6;24,2;119,8
29/03/2014 08:00;25,5;25,5;27,1;16,3;23,2;37,2;22,9;1,26;79,5;130,6;103,8;50,3;53,5;26,8;26,8;0;4,47;171,6;150;21,6;119,8
29/03/2014 09:00;25,8;25,8;27,4;17;23,3;37,3;23,1;1,28;78,5;132,4;103,9;50,3;53,6;28,5;28,5;0;4,25;155,8;135,3;20,5;119,9
29/03/2014 10:00;26,2;26,2;27,7;17,6;23,5;35,4;23,7;1,28;78;133,4;104;50,3;53,7;29,4;29,4;0;4,15;145;126,2;18,8;120
29/03/2014 11:00;26,6;26,6;27,9;17,9;23,7;33,7;24,2;1,29;77,5;134,5;104,1;50,4;53,7;30,4;30,4;0;4,03;141,6;123,1;18,5;120,1
29/03/2014 12:00;27,1;27,1;28,1;18,2;23,9;31,5;24,7;1,31;76,6;136,1;104,1;50,4;53,8;32;32;0;3,85;139,6;120,4;19,2;120,1
29/03/2014 13:00;27,5;27,5;28,3;18,5;24;30;25,1;1,3;77,1;135,4;104,2;50,4;53,8;31,2;31,2;0;3,94;136,6;117,1;19,5;120,2
29/03/2014 14:00;27,7;27,7;28,4;18,4;24;30,6;25,4;1,31;76,6;136,2;104,2;50,4;53,8;32;32;0;3,84;140,3;120,3;20;120,2
29/03/2014 15:00;27,6;27,6;28,3;18;24;30;25,3;1,29;77,5;134,5;104,2;50,4;53,8;30,3;30,3;0;4,04;150,3;129,8;20,5;120,2
29/03/2014 16:00;27,3;27,3;28,1;17,8;23,9;30,7;25;1,3;77,1;135,2;104,1;50,4;53,8;31,1;31,1;0;3,95;152,8;133;19,8;120,1
29/03/2014 17:00;27;27;28;17,5;23,8;32,2;24,7;1,28;78,1;133,4;104,1;50,4;53,7;29,5;29,5;0;4,14;156,1;135,9;20,2;120,1
29/03/2014 18:00;26,7;26,7;28;17,3;23,6;32,4;24,4;1,28;78;133,5;104;50,3;53,7;29,5;30,2;-0,7;4,05;158;137,7;20,3;120
29/03/2014 19:00;26,5;26,5;27,9;17,1;23,6;33,5;24,1;1,28;78,4;132,7;104;50,3;53,7;28,7;28,7;0;4,23;160,9;139,9;21;120
29/03/2014 20:00;26,3;26,3;27,8;17;23,5;33,4;24;1,27;78,9;131,9;104;50,3;53,7;27,9;28,7;-0,8;4,23;160,7;139,1;21,6;120
29/03/2014 21:00;26,3;26,3;27,8;17;23,4;33;23,9;1,27;78,9;131,9;104;50,3;53,7;28;28,7;-0,7;4,23;160,5;139,1;21,4;120
29/03/2014 22:00;26,2;26,2;27,7;17,1;23,4;32;23,8;1,27;78,9;131,9;104;50,3;53,7;27,9;27,9;0;4,33;157,7;136,6;21,1;120
29/03/2014 23:00;26,2;26,2;27,8;17;23,4;32,1;23,8;1,28;78,5;132,5;104;50,3;53,7;28,6;28,6;0;4,26;159,9;138,7;21,2;120
